Date,Open,High,Low,Close,Adj Close,Volume
19-Mar-26,390.1,392.49,387.06,389.02,389.02,"25,138,800"
18-Mar-26,397.13,398.0,391.0,391.79,391.79,"25,908,500"
17-Mar-26,400.27,404.4,397.75,399.41,399.41,"26,228,300"
16-Mar-26,398.07,400.63,394.79,399.95,399.95,"27,733,700"
13-Mar-26,401,404.8,394.25,395.55,395.55,"26,848,000"
12-Mar-26,404.63,406.12,401.71,401.86,401.86,"27,263,900"
11-Mar-26,405.57,409.01,401.59,404.88,404.88,"25,512,100"
10-Mar-26,410.03,410.2,402.93,405.76,405.76,"31,706,400"
9-Mar-26,404.92,410.21,403.5,409.41,409.41,"30,131,900"
6-Mar-26,409.2,413.05,408.51,408.96,408.96,"31,123,900"
5-Mar-26,404.42,411.61,404.4,410.68,410.68,"39,001,300"
4-Mar-26,401.27,411.03,400.31,405.2,405.2,"35,808,000"
3-Mar-26,393.14,406.7,392.67,403.93,403.93,"38,199,200"
2-Mar-26,392.86,401.19,390.63,398.55,398.55,"35,474,900"
27-Feb-26,390.88,396.82,389.88,392.74,392.74,"51,367,200"
26-Feb-26,404.71,407.49,398.74,401.72,401.72,"34,405,900"
25-Feb-26,390.53,401.47,390.16,400.6,400.6,"43,625,500"
24-Feb-26,384.14,389.36,381.71,389,389,"33,884,700"
23-Feb-26,395,395.36,383.1,384.47,384.47,"43,238,300"
20-Feb-26,396.11,400.12,395.16,397.23,397.23,"34,015,200"
19-Feb-26,400.69,404.43,396.67,398.46,398.46,"28,234,000"
18-Feb-26,398.13,402.56,396.32,399.6,398.69,"23,223,400"
17-Feb-26,399.22,400.52,394.53,396.86,395.96,"32,078,800"
13-Feb-26,404.45,405.54,398.05,401.32,400.41,"34,091,600"
12-Feb-26,405,406.2,398.01,401.84,400.92,"40,802,400"
11-Feb-26,416.18,416.46,401.01,404.37,403.45,"42,491,000"
10-Feb-26,419.62,423.68,412.7,413.27,412.33,"44,857,900"
9-Feb-26,404.85,414.89,400.87,413.6,412.66,"45,480,500"
6-Feb-26,399.17,401.79,392.92,401.14,400.23,"53,515,300"
5-Feb-26,407.44,408.3,392.32,393.67,392.77,"66,289,200"
4-Feb-26,411,419.8,409.24,414.19,413.25,"45,012,400"
3-Feb-26,422.01,422.05,408.56,411.21,410.27,"61,424,100"
2-Feb-26,430.24,430.74,422.25,423.37,422.41,"42,219,900"
30-Jan-26,439.17,439.6,426.45,430.29,429.31,"58,566,800"
29-Jan-26,439.99,442.5,421.02,433.5,432.51,"128,855,300"
28-Jan-26,483.21,483.74,478.0,481.63,480.53,"36,875,400"
27-Jan-26,473.7,482.87,473.16,480.58,479.49,"29,213,900"
26-Jan-26,465.31,474.25,462.0,470.28,469.21,"29,291,200"
23-Jan-26,451.87,471.1,450.53,465.95,464.89,"38,000,200"
22-Jan-26,447.62,452.84,444.7,451.14,450.11,"25,349,400"
21-Jan-26,452.6,452.69,438.68,444.11,443.1,"37,980,500"
20-Jan-26,451.22,456.8,449.28,454.52,453.48,"26,130,000"
16-Jan-26,457.83,463.19,456.48,459.86,458.81,"34,246,700"
15-Jan-26,464.12,464.25,455.9,456.66,455.62,"23,225,800"
14-Jan-26,466.46,468.2,457.17,459.38,458.33,"28,184,300"
13-Jan-26,474.68,475.78,465.95,470.67,469.6,"28,545,800"
12-Jan-26,476.67,480.99,475.68,477.18,476.09,"23,519,900"
9-Jan-26,474.06,479.82,472.2,479.28,478.19,"18,491,000"
8-Jan-26,481.24,482.66,475.86,478.11,477.02,"18,162,600"
7-Jan-26,479.76,489.7,477.95,483.47,482.37,"25,564,200"
6-Jan-26,473.8,478.74,469.75,478.51,477.42,"23,037,700"
5-Jan-26,474.06,476.07,469.5,472.85,471.77,"25,250,300"
2-Jan-26,484.39,484.66,470.16,472.94,471.86,"25,571,600"
31-Dec-25,487.84,488.14,483.3,483.62,482.52,"15,601,600"
30-Dec-25,485.93,489.68,485.5,487.48,486.37,"13,944,500"
29-Dec-25,484.86,488.35,484.18,487.1,485.99,"10,893,400"
26-Dec-25,486.71,488.12,485.96,487.71,486.6,"8,842,200"
24-Dec-25,485.68,489.16,484.83,488.02,486.91,"5,855,900"
23-Dec-25,484.98,487.83,484.74,486.85,485.74,"14,683,600"
22-Dec-25,486.12,488.73,482.69,484.92,483.82,"16,963,000"
19-Dec-25,487.36,487.85,482.49,485.92,484.81,"70,836,100"
18-Dec-25,478.19,489.6,477.89,483.98,482.88,"28,573,500"
17-Dec-25,476.91,480.0,475.0,476.12,475.04,"24,527,200"
16-Dec-25,471.91,477.89,470.88,476.39,475.31,"20,705,600"
15-Dec-25,480.1,480.72,472.52,474.82,473.74,"23,727,700"
12-Dec-25,479.82,482.45,476.34,478.53,477.44,"21,248,100"
11-Dec-25,476.63,486.03,475.86,483.47,482.37,"24,669,200"
10-Dec-25,484.03,484.25,475.08,478.56,477.47,"35,756,200"
9-Dec-25,489.1,492.12,488.5,492.02,490.9,"14,696,100"
8-Dec-25,484.89,492.3,484.38,491.02,489.9,"21,965,900"
5-Dec-25,482.52,483.4,478.88,483.16,482.06,"22,608,700"
4-Dec-25,479.76,481.32,476.49,480.84,479.74,"22,318,200"
3-Dec-25,476.32,484.24,475.2,477.73,476.64,"34,615,100"
2-Dec-25,486.72,493.5,486.32,490,488.88,"19,562,700"
1-Dec-25,488.44,489.86,484.65,486.74,485.63,"23,964,000"
28-Nov-25,487.6,492.63,486.65,492.01,490.89,"14,386,700"
26-Nov-25,486.31,488.31,481.2,485.5,484.39,"25,709,100"
25-Nov-25,474.07,479.15,464.89,476.99,475.9,"28,019,800"
24-Nov-25,475,476.9,468.02,474,472.92,"34,421,000"
21-Nov-25,478.5,478.92,468.27,472.12,471.04,"31,769,200"
20-Nov-25,492.71,493.57,475.5,478.43,477.34,"26,802,500"
19-Nov-25,490.1,495.19,482.83,487.12,485.1,"23,245,300"
18-Nov-25,495.37,502.98,486.78,493.79,491.75,"33,815,100"
17-Nov-25,508.45,512.12,504.91,507.49,505.39,"19,092,800"
14-Nov-25,498.23,511.6,497.44,510.18,508.07,"28,505,700"
13-Nov-25,510.31,513.5,501.29,503.29,501.21,"25,273,100"
12-Nov-25,509.36,511.67,499.12,511.14,509.02,"26,574,900"
11-Nov-25,504.8,509.6,502.35,508.68,506.57,"17,980,000"
10-Nov-25,500.04,506.85,498.8,506,503.9,"26,101,500"
7-Nov-25,496.95,499.38,493.25,496.82,494.76,"24,019,800"
6-Nov-25,505.66,505.7,495.81,497.1,495.04,"27,406,500"
5-Nov-25,513.3,514.83,506.58,507.16,505.06,"23,024,300"
4-Nov-25,511.76,515.55,507.84,514.33,512.2,"20,958,700"
3-Nov-25,519.81,524.96,514.59,517.03,514.89,"22,374,700"
31-Oct-25,528.88,529.32,515.1,517.81,515.67,"34,006,400"
30-Oct-25,530.48,534.97,522.12,525.76,523.58,"41,023,100"
29-Oct-25,544.94,546.27,536.73,541.55,539.31,"36,023,000"
28-Oct-25,550,553.72,540.77,542.07,539.83,"29,986,700"
27-Oct-25,531.78,534.58,529.01,531.52,529.32,"18,734,700"
24-Oct-25,522.79,525.35,520.71,523.61,521.44,"15,532,400"
23-Oct-25,522.46,523.95,518.61,520.56,518.4,"14,023,500"
22-Oct-25,521.15,525.23,517.71,520.54,518.38,"18,962,700"
21-Oct-25,517.5,518.69,513.04,517.66,515.52,"15,586,200"
20-Oct-25,514.61,518.7,513.43,516.79,514.65,"14,665,600"
17-Oct-25,509.04,515.48,507.31,513.58,511.45,"19,867,800"
16-Oct-25,512.58,516.85,508.13,511.61,509.49,"15,559,600"
15-Oct-25,514.96,517.19,510.0,513.43,511.3,"14,694,700"
14-Oct-25,510.23,515.28,506.0,513.57,511.44,"14,684,300"
13-Oct-25,516.41,516.41,511.68,514.05,511.92,"14,284,200"
10-Oct-25,519.64,523.58,509.63,510.96,508.84,"24,133,800"
9-Oct-25,522.34,524.33,517.4,522.4,520.24,"18,343,600"
8-Oct-25,523.28,526.95,523.09,524.85,522.68,"13,363,400"
7-Oct-25,528.29,529.8,521.44,523.98,521.81,"14,615,200"
6-Oct-25,518.61,531.03,518.2,528.57,526.38,"21,388,600"
3-Oct-25,517.1,520.49,515.0,517.35,515.21,"15,112,300"
2-Oct-25,517.64,521.6,510.68,515.74,513.6,"21,222,900"
1-Oct-25,514.8,520.51,511.69,519.71,517.56,"22,632,300"
30-Sep-25,513.24,518.16,509.66,517.95,515.81,"19,728,200"
29-Sep-25,511.5,516.85,508.88,514.6,512.47,"17,617,800"
26-Sep-25,510.06,513.94,506.62,511.46,509.34,"16,213,100"
25-Sep-25,508.3,510.01,505.04,507.03,504.93,"15,786,500"
24-Sep-25,510.38,512.48,506.92,510.15,508.04,"13,533,700"
23-Sep-25,513.8,514.59,507.31,509.23,507.12,"19,799,600"
22-Sep-25,515.59,517.74,512.54,514.45,512.32,"20,009,300"
19-Sep-25,510.56,519.3,510.31,517.93,515.79,"52,474,100"
18-Sep-25,511.49,513.07,507.66,508.45,506.34,"18,913,700"
17-Sep-25,510.62,511.29,505.93,510.02,507.91,"15,816,600"
16-Sep-25,516.88,517.23,508.6,509.04,506.93,"19,711,900"
15-Sep-25,508.79,515.47,507.0,515.36,513.23,"17,143,800"
12-Sep-25,506.65,512.55,503.85,509.9,507.79,"23,624,900"
11-Sep-25,502.25,503.17,497.88,501.01,498.94,"18,881,600"
10-Sep-25,502.98,503.23,496.72,500.37,498.3,"21,611,800"
9-Sep-25,501.43,502.25,497.7,498.41,496.35,"14,410,500"
8-Sep-25,498.11,501.2,495.03,498.2,496.14,"16,771,000"
5-Sep-25,509.07,511.97,492.37,495,492.95,"31,994,800"
4-Sep-25,504.3,508.15,503.15,507.97,505.87,"15,509,500"
3-Sep-25,503.79,507.79,502.32,505.35,503.26,"16,345,100"
2-Sep-25,500.47,506.0,496.81,505.12,503.03,"18,128,000"
29-Aug-25,508.66,509.6,504.49,506.69,504.59,"20,961,600"
28-Aug-25,507.09,511.09,505.5,509.64,507.53,"18,015,600"
27-Aug-25,502,507.29,499.9,506.74,504.64,"17,277,900"
26-Aug-25,504.36,504.98,498.51,502.04,499.96,"30,835,700"
25-Aug-25,506.63,508.19,504.12,504.26,502.17,"21,638,600"
22-Aug-25,504.25,510.73,502.41,507.23,505.13,"24,324,200"
21-Aug-25,503.69,507.63,502.72,504.24,502.15,"18,443,300"
20-Aug-25,509.87,511.0,504.44,505.72,502.8,"27,723,000"
19-Aug-25,515,515.16,508.55,509.77,506.83,"21,481,000"
18-Aug-25,521.59,522.82,514.02,517.1,514.11,"23,760,600"
15-Aug-25,522.77,526.1,519.08,520.17,517.17,"25,213,300"
14-Aug-25,522.56,525.95,520.14,522.48,519.46,"20,269,100"
13-Aug-25,532.11,532.7,519.37,520.58,517.57,"19,619,200"
12-Aug-25,523.75,530.98,522.7,529.24,526.18,"18,667,000"
11-Aug-25,522.3,527.59,519.72,521.77,518.76,"20,194,400"
8-Aug-25,522.6,524.66,519.41,522.04,519.02,"15,531,000"
7-Aug-25,526.8,528.09,517.55,520.84,517.83,"16,079,100"
6-Aug-25,530.9,531.7,524.03,524.94,521.91,"21,355,700"
5-Aug-25,537.18,537.3,527.24,527.75,524.7,"19,171,600"
4-Aug-25,528.27,538.25,528.13,535.64,532.55,"25,349,000"
1-Aug-25,535,535.8,520.86,524.11,521.08,"28,977,600"
31-Jul-25,555.23,555.45,531.9,533.5,530.42,"51,617,300"
30-Jul-25,515.17,515.95,509.44,513.24,510.28,"26,380,400"
29-Jul-25,515.53,517.62,511.56,512.57,509.61,"16,469,200"
28-Jul-25,514.08,515.0,510.12,512.5,509.54,"14,308,000"
25-Jul-25,512.47,518.29,510.36,513.71,510.74,"19,125,700"
24-Jul-25,508.77,513.67,507.3,510.88,507.93,"16,107,000"
23-Jul-25,506.75,506.79,500.7,505.87,502.95,"16,396,600"
22-Jul-25,510.97,511.2,505.27,505.27,502.35,"13,868,600"
21-Jul-25,506.71,512.09,505.55,510.06,507.11,"14,066,800"
18-Jul-25,514.48,514.64,507.43,510.05,507.1,"21,209,700"
17-Jul-25,505.68,513.37,505.62,511.7,508.74,"17,503,100"
16-Jul-25,505.18,506.72,501.89,505.62,502.7,"15,154,400"
15-Jul-25,503.02,508.3,502.79,505.82,502.9,"14,927,200"
14-Jul-25,501.52,503.97,501.03,503.02,500.11,"12,058,800"
11-Jul-25,498.47,505.03,497.8,503.32,500.41,"16,459,500"
10-Jul-25,503.05,504.44,497.75,501.48,498.58,"16,492,100"
9-Jul-25,500.3,506.78,499.74,503.51,500.6,"18,659,500"
8-Jul-25,497.24,498.2,494.11,496.62,493.75,"11,846,600"
7-Jul-25,497.38,498.75,495.23,497.72,494.85,"13,981,600"
3-Jul-25,493.81,500.13,493.44,498.84,495.96,"13,984,800"
2-Jul-25,489.99,493.5,488.7,491.09,488.25,"16,319,600"
1-Jul-25,496.47,498.05,490.98,492.05,489.21,"19,945,400"
30-Jun-25,497.04,500.76,495.33,497.41,494.54,"28,369,000"
27-Jun-25,497.55,499.3,493.03,495.94,493.08,"34,539,200"
26-Jun-25,492.98,498.04,492.81,497.45,494.58,"21,578,900"
25-Jun-25,492.04,494.56,489.39,492.27,489.43,"17,495,100"
24-Jun-25,488.95,491.85,486.8,490.11,487.28,"22,305,600"
23-Jun-25,478.21,487.75,472.51,486,483.19,"24,864,000"
20-Jun-25,482.23,483.46,476.87,477.4,474.64,"37,576,200"
18-Jun-25,478,481.0,474.46,480.24,477.47,"17,526,500"
17-Jun-25,475.4,478.74,474.08,478.04,475.28,"15,414,100"
16-Jun-25,475.21,480.69,475.0,479.14,476.37,"15,626,100"
13-Jun-25,476.41,479.18,472.76,474.96,472.22,"16,814,500"
12-Jun-25,475.02,480.42,473.52,478.87,476.1,"18,950,600"
11-Jun-25,470.02,475.47,469.66,472.62,469.89,"16,399,200"
10-Jun-25,471.19,472.8,466.96,470.92,468.2,"15,375,900"
9-Jun-25,469.7,473.43,468.62,472.75,470.02,"16,469,900"
6-Jun-25,470.09,473.34,468.78,470.38,467.66,"15,285,600"
5-Jun-25,464.96,469.65,464.03,467.68,464.98,"20,131,700"
4-Jun-25,464,465.69,463.02,463.87,461.19,"14,162,700"
3-Jun-25,461.47,464.14,460.86,462.97,460.3,"15,743,800"
2-Jun-25,457.14,462.11,456.89,461.97,459.3,"16,626,500"
30-May-25,459.72,461.68,455.54,460.36,457.7,"34,770,500"
29-May-25,461.55,461.72,455.31,458.68,456.03,"13,974,800"
28-May-25,461.22,462.52,456.93,457.36,454.72,"17,086,300"
27-May-25,456.48,460.95,456.12,460.69,458.03,"20,974,300"
23-May-25,449.98,453.69,448.91,450.18,447.58,"16,883,500"
22-May-25,454.95,460.25,453.9,454.86,452.23,"18,025,600"
21-May-25,454.57,457.78,451.81,452.57,449.96,"19,216,900"
20-May-25,455.59,458.34,454.32,458.17,455.52,"15,441,800"
19-May-25,450.88,459.59,450.8,458.87,456.22,"21,336,500"
16-May-25,452.05,454.36,448.73,454.27,451.65,"23,849,800"
15-May-25,450.77,456.19,450.43,453.13,450.51,"21,992,300"
14-May-25,448.14,453.9,448.14,452.94,449.5,"19,902,800"
13-May-25,447.78,450.67,445.36,449.14,445.73,"23,618,800"
12-May-25,445.94,449.37,439.78,449.26,445.85,"22,821,900"
9-May-25,440,440.74,435.88,438.73,435.4,"15,324,200"
8-May-25,437.93,443.67,435.66,438.17,434.84,"23,491,300"
7-May-25,433.84,438.12,431.11,433.35,430.06,"23,295,300"
6-May-25,432.2,437.73,431.17,433.31,430.02,"15,104,200"
5-May-25,432.87,439.5,432.11,436.17,432.86,"20,136,100"
2-May-25,431.74,439.44,429.99,435.28,431.97,"30,757,400"
1-May-25,431.11,436.99,424.9,425.4,422.17,"58,938,100"
30-Apr-25,390.3,396.66,384.44,395.26,392.26,"36,461,100"
29-Apr-25,391.3,395.1,390.38,394.04,391.05,"14,974,000"
28-Apr-25,391.96,392.74,386.64,391.16,388.19,"16,579,400"
25-Apr-25,387,392.16,384.6,391.85,388.87,"18,973,200"
24-Apr-25,375.7,388.45,375.19,387.3,384.36,"22,232,300"
23-Apr-25,376.06,380.39,373.02,374.39,371.55,"20,545,500"
22-Apr-25,363.38,367.77,359.86,366.82,364.03,"19,485,000"
21-Apr-25,362.82,364.48,355.67,359.12,356.39,"20,807,300"
17-Apr-25,373.75,374.32,366.89,367.78,364.99,"21,120,200"
16-Apr-25,380.67,381.61,368.0,371.61,368.79,"21,967,800"
15-Apr-25,388.51,391.89,384.16,385.73,382.8,"17,199,900"
14-Apr-25,393.22,394.65,384.21,387.81,384.86,"19,251,200"
11-Apr-25,380.64,390.05,378.89,388.45,385.5,"23,839,200"
10-Apr-25,382.06,383.9,367.8,381.35,378.45,"38,024,400"
9-Apr-25,353.54,393.23,353.1,390.49,387.52,"50,199,700"
8-Apr-25,368.26,373.65,350.25,354.56,351.87,"35,868,900"
7-Apr-25,350.88,371.0,344.79,357.86,355.14,"50,425,000"
4-Apr-25,364.13,374.59,359.48,359.84,357.11,"49,209,900"
3-Apr-25,374.79,377.48,369.35,373.11,370.28,"30,198,000"
2-Apr-25,377.97,385.08,376.62,382.14,379.24,"16,092,600"
1-Apr-25,374.65,382.85,373.23,382.19,379.29,"19,689,500"
31-Mar-25,372.54,377.07,367.24,375.39,372.54,"35,184,700"
28-Mar-25,388.08,389.13,376.93,378.8,375.92,"21,632,000"
27-Mar-25,390.13,392.24,387.4,390.58,387.61,"13,766,800"
26-Mar-25,395,395.31,388.57,389.97,387.01,"16,108,400"
25-Mar-25,393.92,396.36,392.64,395.16,392.16,"15,775,000"
24-Mar-25,395.4,395.4,389.81,393.08,390.09,"21,004,500"
21-Mar-25,383.22,391.74,382.8,391.26,388.29,"39,675,900"
20-Mar-25,385.74,391.79,383.28,386.84,383.9,"18,470,500"
19-Mar-25,385.53,389.68,384.0,387.82,384.87,"19,185,500"
18-Mar-25,387.07,387.37,381.1,383.52,380.61,"19,486,900"
17-Mar-25,386.7,392.71,385.57,388.7,385.75,"22,474,300"
14-Mar-25,379.78,390.23,379.51,388.56,385.61,"19,952,800"
13-Mar-25,383.16,385.32,377.45,378.77,375.89,"20,473,000"
12-Mar-25,382.95,385.22,378.95,383.27,380.36,"24,253,600"
11-Mar-25,379,386.0,376.91,380.45,377.56,"30,380,200"
10-Mar-25,385.84,386.4,377.22,380.16,377.27,"32,840,100"
7-Mar-25,392.32,394.8,385.54,393.31,390.32,"22,034,100"
6-Mar-25,394.28,402.15,392.68,396.89,393.87,"23,304,600"
5-Mar-25,389.34,401.67,388.81,401.02,397.97,"23,433,100"
4-Mar-25,383.4,392.58,381.0,388.61,385.66,"29,342,900"
3-Mar-25,398.82,398.82,386.16,388.49,385.54,"23,007,700"
28-Feb-25,392.66,397.63,386.57,396.99,393.97,"32,845,700"
27-Feb-25,401.27,405.74,392.17,392.53,389.55,"21,127,400"
26-Feb-25,398.01,403.6,394.25,399.73,396.69,"19,619,000"
25-Feb-25,401.1,401.92,396.7,397.9,394.88,"29,387,400"
24-Feb-25,408.51,409.37,399.32,404,400.93,"26,443,700"
21-Feb-25,417.34,418.05,407.89,408.21,405.11,"27,524,800"
20-Feb-25,415.29,419.31,412.54,416.13,412.97,"23,508,700"
19-Feb-25,407.88,415.49,407.65,414.77,410.8,"24,114,200"
18-Feb-25,408,410.6,406.5,409.64,405.71,"21,423,100"
14-Feb-25,407.79,408.91,405.88,408.43,404.52,"22,758,500"
13-Feb-25,407,411.0,406.36,410.54,406.61,"23,891,700"
12-Feb-25,407.21,410.75,404.37,409.04,405.12,"19,121,700"
11-Feb-25,409.64,412.49,409.3,411.44,407.5,"18,140,600"
10-Feb-25,413.71,415.46,410.92,412.22,408.27,"20,817,900"
7-Feb-25,416.48,418.65,408.1,409.75,405.82,"22,886,800"
6-Feb-25,414,418.2,414.0,415.82,411.84,"16,309,800"
5-Feb-25,412.35,413.83,410.4,413.29,409.33,"16,316,700"
4-Feb-25,412.69,413.92,409.74,412.37,408.42,"20,532,100"
3-Feb-25,411.6,415.41,408.66,410.92,406.98,"25,679,100"
31-Jan-25,418.98,420.69,414.91,415.06,411.08,"34,161,900"
30-Jan-25,418.77,422.86,413.16,414.99,411.01,"54,586,300"
29-Jan-25,446.69,446.88,440.4,442.33,438.09,"23,581,400"
28-Jan-25,434.6,448.38,431.38,447.2,442.91,"23,491,700"
27-Jan-25,424.01,435.2,423.5,434.56,430.4,"35,647,800"
24-Jan-25,445.16,446.65,441.4,444.06,439.8,"15,549,500"
23-Jan-25,442,446.75,441.5,446.71,442.43,"18,389,300"
22-Jan-25,437.56,447.27,436.0,446.2,441.92,"27,803,800"
21-Jan-25,430.2,430.9,425.6,428.5,424.39,"26,085,700"
17-Jan-25,434.09,434.48,428.17,429.03,424.92,"26,197,500"
16-Jan-25,428.7,429.49,424.39,424.58,420.51,"15,300,000"
15-Jan-25,419.13,428.15,418.27,426.31,422.22,"19,637,800"
14-Jan-25,417.81,419.74,410.72,415.67,411.69,"16,935,900"
13-Jan-25,415.24,418.5,412.29,417.19,413.19,"17,604,800"
10-Jan-25,424.63,424.71,415.02,418.95,414.94,"20,201,100"
8-Jan-25,423.46,426.97,421.54,424.56,420.49,"15,054,600"
7-Jan-25,429,430.65,420.8,422.37,418.32,"18,139,100"
6-Jan-25,428,434.32,425.48,427.85,423.75,"20,573,600"
3-Jan-25,421.08,424.03,419.54,423.35,419.29,"16,662,900"
2-Jan-25,425.53,426.07,414.85,418.58,414.57,"16,896,500"
31-Dec-24,426.1,426.73,420.66,421.5,417.46,"13,246,500"
30-Dec-24,426.06,427.55,421.9,424.83,420.76,"13,158,700"
27-Dec-24,434.6,435.22,426.35,430.53,426.4,"18,117,700"
26-Dec-24,439.08,440.94,436.63,438.11,433.91,"8,194,200"
24-Dec-24,434.65,439.6,434.19,439.33,435.12,"7,164,500"
23-Dec-24,436.74,437.65,432.83,435.25,431.08,"19,152,500"
20-Dec-24,433.11,443.74,428.63,436.6,432.42,"64,263,700"
19-Dec-24,441.62,443.18,436.32,437.03,432.84,"22,963,700"
18-Dec-24,451.32,452.65,437.02,437.39,433.2,"24,444,500"
17-Dec-24,451.01,455.29,449.57,454.46,450.1,"22,733,500"
16-Dec-24,447.27,452.18,445.28,451.59,447.26,"23,598,800"
13-Dec-24,448.44,451.43,445.58,447.27,442.98,"20,177,800"
12-Dec-24,449.11,456.16,449.11,449.56,445.25,"20,834,800"
11-Dec-24,444.05,450.35,444.05,448.99,444.69,"19,200,200"
10-Dec-24,444.39,449.62,441.6,443.33,439.08,"18,469,500"
9-Dec-24,442.6,448.33,440.5,446.02,441.75,"19,144,400"
6-Dec-24,442.3,446.1,441.77,443.57,439.32,"18,821,000"
5-Dec-24,437.92,444.66,436.17,442.62,438.38,"21,697,800"
4-Dec-24,433.03,439.67,432.63,437.42,433.23,"26,009,400"
3-Dec-24,429.84,432.47,427.74,431.2,427.07,"18,302,000"
2-Dec-24,421.57,433.0,421.31,430.98,426.85,"20,207,200"
29-Nov-24,420.09,424.88,417.8,423.46,419.4,"16,271,900"
27-Nov-24,425.11,427.23,422.02,422.99,418.94,"18,332,400"
26-Nov-24,419.59,429.04,418.85,427.99,423.89,"23,458,900"
25-Nov-24,418.38,421.08,414.85,418.79,414.78,"27,691,100"
22-Nov-24,411.37,417.4,411.06,417,413,"24,814,600"
21-Nov-24,419.5,419.78,410.29,412.87,408.91,"20,780,200"
20-Nov-24,416.87,417.29,410.58,415.49,410.69,"19,191,700"
19-Nov-24,413.11,417.94,411.55,417.79,412.96,"18,133,500"
18-Nov-24,414.87,418.4,412.1,415.76,410.95,"24,727,000"
15-Nov-24,419.82,422.8,413.64,415,410.2,"28,247,600"
14-Nov-24,425,428.17,420.0,426.89,421.95,"30,246,900"
13-Nov-24,421.64,429.33,418.21,425.2,420.28,"21,502,200"
12-Nov-24,418.25,424.44,417.2,423.03,418.14,"19,401,200"
11-Nov-24,422.52,424.81,416.0,418.01,413.18,"24,503,300"
8-Nov-24,425.32,426.5,421.78,422.54,417.65,"16,891,400"
7-Nov-24,421.28,426.85,419.88,425.43,420.51,"19,901,800"
6-Nov-24,412.42,420.45,410.52,420.18,415.32,"26,681,800"
5-Nov-24,408.37,414.9,408.08,411.46,406.7,"17,626,000"
4-Nov-24,409.8,410.42,405.57,408.46,403.74,"19,672,300"
1-Nov-24,409.01,415.5,407.5,410.37,405.63,"24,230,400"
31-Oct-24,415.36,416.16,406.3,406.35,401.65,"53,971,000"
30-Oct-24,437.44,438.5,432.1,432.53,427.53,"29,749,100"
29-Oct-24,428,433.17,425.8,431.95,426.96,"17,644,100"
28-Oct-24,431.66,431.94,426.3,426.59,421.66,"14,882,400"
25-Oct-24,426.76,432.52,426.57,428.15,423.2,"16,899,100"
24-Oct-24,425.33,425.98,422.4,424.73,419.82,"13,581,600"
23-Oct-24,430.86,431.08,422.53,424.6,419.69,"19,654,400"
22-Oct-24,418.49,430.58,418.04,427.51,422.57,"25,482,200"
21-Oct-24,416.12,418.96,413.75,418.78,413.94,"14,206,100"
18-Oct-24,417.14,419.65,416.26,418.16,413.33,"17,145,300"
17-Oct-24,422.36,422.5,415.59,416.72,411.9,"14,820,000"
16-Oct-24,415.17,416.36,410.48,416.12,411.31,"15,508,900"
15-Oct-24,422.18,422.48,415.26,418.74,413.9,"18,900,200"
14-Oct-24,417.77,424.04,417.52,419.14,414.29,"16,653,100"
11-Oct-24,416.14,417.13,413.25,416.32,411.51,"14,144,900"
10-Oct-24,415.23,417.35,413.15,415.84,411.03,"13,848,400"
9-Oct-24,415.86,420.38,414.3,417.46,412.63,"14,974,300"
8-Oct-24,410.9,415.66,408.17,414.71,409.92,"19,229,300"
7-Oct-24,416,417.11,409.0,409.54,404.8,"20,919,800"
4-Oct-24,418.24,419.75,414.97,416.06,411.25,"19,169,700"
3-Oct-24,417.63,419.55,414.29,416.54,411.72,"13,686,400"
2-Oct-24,422.58,422.82,416.71,417.13,412.31,"16,582,300"
1-Oct-24,428.45,428.48,418.81,420.69,415.83,"19,092,900"
30-Sep-24,428.21,430.42,425.37,430.3,425.32,"16,807,300"
27-Sep-24,431.52,431.85,427.47,428.02,423.07,"14,896,100"
26-Sep-24,435.09,435.3,429.13,431.31,426.32,"14,492,000"
25-Sep-24,429.83,433.12,428.57,432.11,427.11,"13,396,400"
24-Sep-24,433,433.35,426.1,429.17,424.21,"17,015,800"
23-Sep-24,434.28,436.46,430.39,433.51,428.5,"15,128,900"
20-Sep-24,437.22,439.24,434.22,435.27,430.24,"55,167,100"
19-Sep-24,441.23,441.5,436.9,438.69,433.62,"21,706,600"
18-Sep-24,435,436.03,430.41,430.81,425.83,"18,898,000"
17-Sep-24,440.23,441.85,432.27,435.15,430.12,"18,874,200"
16-Sep-24,430.6,433.53,428.22,431.34,426.35,"13,834,700"
13-Sep-24,425.83,431.83,425.46,430.59,425.61,"15,874,600"
12-Sep-24,423.31,427.37,419.75,427,422.06,"17,395,700"
11-Sep-24,415.5,423.99,409.58,423.04,418.15,"19,266,900"
10-Sep-24,408.2,416.33,407.7,414.2,409.41,"19,594,300"
9-Sep-24,407.24,408.65,402.15,405.72,401.03,"15,295,100"
6-Sep-24,409.06,410.65,400.8,401.7,397.06,"19,609,500"
5-Sep-24,407.62,413.1,406.13,408.39,403.67,"14,195,500"
4-Sep-24,405.91,411.24,404.37,408.9,404.17,"15,135,800"
3-Sep-24,417.91,419.88,407.03,409.44,404.71,"20,313,600"
30-Aug-24,415.6,417.49,412.13,417.14,412.32,"24,308,300"
29-Aug-24,414.94,422.05,410.6,413.12,408.34,"17,045,200"
28-Aug-24,414.88,415.0,407.31,410.6,405.85,"14,882,700"
27-Aug-24,412.86,414.36,410.25,413.84,409.06,"13,492,900"
26-Aug-24,416.37,417.28,411.34,413.49,408.71,"13,152,800"
23-Aug-24,416.98,419.26,412.09,416.79,411.97,"18,493,800"
22-Aug-24,424.36,426.79,414.61,415.55,410.75,"19,361,900"
21-Aug-24,424.08,426.4,421.72,424.14,419.24,"16,067,300"
20-Aug-24,421.7,425.86,421.64,424.8,419.89,"16,387,600"
19-Aug-24,418.96,421.75,416.46,421.53,416.66,"15,234,000"
16-Aug-24,420.6,421.34,417.3,418.47,413.63,"22,775,600"
15-Aug-24,419.8,421.11,417.66,421.03,416.16,"20,752,100"
14-Aug-24,414.8,417.72,412.45,416.86,411.3,"18,267,000"
13-Aug-24,409.59,414.95,409.57,414.01,408.49,"19,414,300"
12-Aug-24,407.06,408.76,404.24,406.81,401.38,"16,762,900"
9-Aug-24,404.03,408.05,402.26,406.02,400.6,"19,276,700"
8-Aug-24,402.44,405.86,399.94,402.69,397.32,"20,203,000"
7-Aug-24,408.64,410.08,397.47,398.43,393.11,"20,650,900"
6-Aug-24,400,405.67,398.5,399.61,394.28,"24,946,500"
5-Aug-24,389.17,401.04,385.58,395.15,389.88,"40,709,200"
2-Aug-24,412.49,415.0,404.34,408.49,403.04,"29,437,900"
1-Aug-24,420.79,427.46,413.09,417.11,411.55,"30,296,400"
31-Jul-24,420.5,421.78,412.21,418.35,412.77,"42,891,400"
30-Jul-24,427.72,429.05,417.36,422.92,417.28,"32,687,600"
29-Jul-24,431.58,432.15,424.7,426.73,421.04,"15,125,800"
26-Jul-24,418.2,428.92,417.27,425.27,419.6,"23,583,800"
25-Jul-24,428.8,429.8,417.51,418.4,412.82,"29,943,800"
24-Jul-24,440.45,441.48,427.59,428.9,423.18,"26,805,800"
23-Jul-24,443.9,448.39,443.1,444.85,438.92,"13,107,100"
22-Jul-24,441.79,444.6,438.91,442.94,437.03,"15,808,800"
19-Jul-24,433.1,441.14,432.0,437.11,431.28,"20,940,400"
18-Jul-24,444.34,444.65,434.4,440.37,434.5,"20,794,800"
17-Jul-24,442.59,444.85,439.18,443.52,437.6,"21,778,000"
16-Jul-24,454.22,454.3,446.66,449.52,443.52,"17,175,700"
15-Jul-24,453.3,457.26,451.43,453.96,447.9,"14,429,400"
12-Jul-24,454.33,456.36,450.65,453.55,447.5,"16,324,300"
11-Jul-24,462.98,464.78,451.55,454.7,448.63,"23,111,200"
10-Jul-24,461.22,466.46,458.86,466.25,460.03,"18,196,100"
9-Jul-24,467,467.33,458.0,459.54,453.41,"17,207,200"
8-Jul-24,466.55,467.7,464.46,466.24,460.02,"12,962,300"
5-Jul-24,459.61,468.35,458.97,467.56,461.32,"16,000,300"
3-Jul-24,458.19,461.02,457.88,460.77,454.62,"9,932,800"
2-Jul-24,453.2,459.59,453.11,459.28,453.15,"13,979,800"
1-Jul-24,448.66,457.37,445.66,456.73,450.64,"17,662,800"
28-Jun-24,453.07,455.38,446.41,446.95,440.99,"28,362,300"
27-Jun-24,452.18,456.17,451.77,452.85,446.81,"14,806,300"
26-Jun-24,449,453.6,448.19,452.16,446.13,"16,507,000"
25-Jun-24,448.25,451.42,446.75,450.95,444.93,"16,413,400"
24-Jun-24,449.8,452.75,446.41,447.67,441.7,"15,913,700"
21-Jun-24,447.38,450.58,446.51,449.78,443.78,"34,187,100"
20-Jun-24,446.3,446.53,441.27,445.7,439.75,"19,877,400"
18-Jun-24,449.71,450.14,444.89,446.34,440.39,"17,112,500"
17-Jun-24,442.59,450.94,440.72,448.37,442.39,"20,790,000"
14-Jun-24,438.28,443.14,436.72,442.57,436.67,"13,582,000"
13-Jun-24,440.85,443.39,439.37,441.58,435.69,"15,960,600"
12-Jun-24,435.32,443.4,433.25,441.06,435.18,"22,366,200"
11-Jun-24,425.48,432.82,425.25,432.68,426.91,"14,551,100"
10-Jun-24,424.7,428.08,423.89,427.87,422.16,"13,982,900"
7-Jun-24,426.2,426.28,423.0,423.85,418.2,"13,621,700"
6-Jun-24,424.01,425.31,420.58,424.52,418.86,"14,861,300"
5-Jun-24,417.81,424.08,416.3,424.01,418.35,"16,988,000"
4-Jun-24,412.43,416.44,409.68,416.07,410.52,"14,348,900"
3-Jun-24,415.53,416.43,408.92,413.52,408,"17,484,700"
31-May-24,416.75,416.75,404.51,415.13,409.59,"47,995,300"
30-May-24,424.3,424.3,414.24,414.67,409.14,"28,394,500"
29-May-24,425.69,430.94,425.69,429.17,423.44,"15,517,100"
28-May-24,429.63,430.82,426.6,430.32,424.58,"15,718,000"
24-May-24,427.19,431.06,424.41,430.16,424.42,"11,855,300"
23-May-24,432.97,433.6,425.42,427,421.3,"17,211,700"
22-May-24,430.09,432.41,427.13,430.52,424.78,"18,073,700"
21-May-24,426.83,432.97,424.85,429.04,423.32,"21,453,300"
20-May-24,420.21,426.77,419.99,425.34,419.67,"16,272,100"
17-May-24,422.54,422.92,418.03,420.21,414.6,"15,352,200"
16-May-24,421.8,425.42,420.35,420.99,415.37,"17,530,100"
15-May-24,417.9,423.81,417.27,423.08,417.44,"22,239,500"
14-May-24,412.02,417.49,411.55,416.56,410.26,"15,109,300"
13-May-24,418.01,418.35,410.82,413.72,407.47,"15,440,200"
10-May-24,412.94,415.38,411.8,414.74,408.47,"13,402,300"
9-May-24,410.57,412.72,409.1,412.32,406.09,"14,689,700"
8-May-24,408.17,412.23,406.71,410.54,404.33,"11,792,300"
7-May-24,414.66,414.67,409.09,409.34,403.15,"20,018,200"
6-May-24,408.76,413.93,406.37,413.54,407.29,"16,996,600"
3-May-24,402.28,407.15,401.86,406.66,400.51,"17,446,700"
2-May-24,397.66,399.93,394.65,397.84,391.83,"17,709,400"
1-May-24,392.61,401.72,390.31,394.94,388.97,"23,562,500"
30-Apr-24,401.49,402.16,389.17,389.33,383.44,"28,781,400"
29-Apr-24,405.25,406.32,399.19,402.25,396.17,"19,582,100"
26-Apr-24,412.17,413.0,405.76,406.32,400.18,"29,694,700"
25-Apr-24,394.03,399.89,388.03,399.04,393.01,"40,586,500"
24-Apr-24,409.56,412.47,406.78,409.06,402.88,"15,065,300"
23-Apr-24,404.24,408.2,403.06,407.57,401.41,"15,734,500"
22-Apr-24,400.08,402.85,395.75,400.96,394.9,"20,286,900"
19-Apr-24,404.03,405.48,397.77,399.12,393.09,"30,565,800"
18-Apr-24,410.63,411.89,403.95,404.27,398.16,"21,029,900"
17-Apr-24,417.25,418.88,410.33,411.84,405.61,"15,855,500"
16-Apr-24,414.57,418.4,413.73,414.58,408.31,"16,765,600"
15-Apr-24,426.6,426.82,413.43,413.64,407.39,"20,273,500"
12-Apr-24,424.05,425.18,419.77,421.9,415.52,"19,253,800"
11-Apr-24,425.82,429.37,422.36,427.93,421.46,"17,966,400"
10-Apr-24,422.19,424.03,419.7,423.26,416.86,"16,216,600"
9-Apr-24,426.44,427.74,421.62,426.28,419.84,"12,496,900"
8-Apr-24,425.17,427.28,423.3,424.59,418.17,"14,272,400"
5-Apr-24,420.01,426.51,418.32,425.52,419.09,"16,554,800"
4-Apr-24,424.99,428.67,417.57,417.88,411.56,"19,370,900"
3-Apr-24,419.73,423.26,419.09,420.45,414.09,"16,502,300"
2-Apr-24,420.11,422.38,417.84,421.44,415.07,"17,912,000"
1-Apr-24,423.95,427.89,422.22,424.57,418.15,"16,316,000"
28-Mar-24,420.96,421.87,419.12,420.72,414.36,"21,871,200"
27-Mar-24,424.44,424.45,419.01,421.43,415.06,"16,705,000"
26-Mar-24,425.61,425.99,421.35,421.65,415.28,"16,725,600"
25-Mar-24,425.24,427.41,421.61,422.86,416.47,"18,060,500"
22-Mar-24,429.7,429.86,426.07,428.74,422.26,"17,648,500"
21-Mar-24,429.83,430.82,427.16,429.37,422.88,"21,296,200"
20-Mar-24,422,425.96,420.66,425.23,418.8,"17,860,100"
19-Mar-24,417.83,421.67,415.55,421.41,415.04,"19,837,900"
18-Mar-24,414.25,420.73,413.78,417.32,411.01,"20,106,000"
15-Mar-24,419.29,422.6,412.79,416.42,410.13,"45,079,900"
14-Mar-24,420.24,427.82,417.99,425.22,418.79,"34,157,300"
13-Mar-24,418.1,418.18,411.45,415.1,408.83,"17,115,900"
12-Mar-24,407.62,415.57,406.79,415.28,409,"22,457,000"
11-Mar-24,403.76,405.68,401.26,404.52,398.4,"16,120,800"
8-Mar-24,407.96,410.42,404.33,406.22,400.08,"18,002,200"
7-Mar-24,406.12,409.78,402.24,409.14,402.96,"18,718,500"
6-Mar-24,402.97,405.16,398.39,402.09,396.01,"22,344,100"
5-Mar-24,413.96,414.25,400.64,402.65,396.56,"26,919,200"
4-Mar-24,413.44,417.35,412.32,414.92,408.65,"17,596,000"
1-Mar-24,411.27,415.87,410.88,415.5,409.22,"17,823,400"
29-Feb-24,408.64,414.2,405.92,413.64,407.39,"31,947,300"
28-Feb-24,408.18,409.3,405.32,407.72,401.56,"13,183,100"
27-Feb-24,407.99,408.32,403.85,407.48,401.32,"14,835,800"
26-Feb-24,411.46,412.16,407.36,407.54,401.38,"16,193,500"
23-Feb-24,415.67,415.86,408.97,410.34,404.14,"16,295,900"
22-Feb-24,410.19,412.83,408.57,411.65,405.43,"27,009,900"
21-Feb-24,400.17,402.29,397.22,402.18,396.1,"18,518,900"
20-Feb-24,403.24,404.49,398.01,402.79,396.7,"24,307,900"
16-Feb-24,407.96,408.29,403.44,404.06,397.95,"22,296,500"
15-Feb-24,408.14,409.13,404.29,406.56,400.41,"21,825,500"
14-Feb-24,408.07,409.84,404.57,409.49,403.3,"20,401,200"
13-Feb-24,404.94,410.07,403.39,406.32,399.44,"27,824,900"
12-Feb-24,420.56,420.74,414.75,415.26,408.23,"21,202,900"
9-Feb-24,415.25,420.82,415.09,420.55,413.43,"22,032,800"
8-Feb-24,414.05,415.56,412.53,414.11,407.1,"21,225,300"
7-Feb-24,407.44,414.3,407.4,414.05,407.04,"22,340,500"
6-Feb-24,405.88,407.97,402.91,405.49,398.62,"18,382,600"
5-Feb-24,409.9,411.16,403.99,405.65,398.78,"25,352,300"
2-Feb-24,403.81,412.65,403.56,411.22,404.26,"28,256,700"
1-Feb-24,401.83,408.0,401.8,403.78,396.94,"30,657,700"
31-Jan-24,406.96,415.32,397.21,397.58,390.85,"47,871,100"
30-Jan-24,412.26,413.05,406.45,408.59,401.67,"33,477,600"
29-Jan-24,406.06,409.98,404.33,409.72,402.78,"24,510,200"
26-Jan-24,404.37,406.17,402.43,403.93,397.09,"17,803,300"
25-Jan-24,404.32,407.01,402.53,404.87,398.01,"21,021,200"
24-Jan-24,401.54,405.63,400.45,402.56,395.74,"24,867,000"
23-Jan-24,395.75,399.38,393.93,398.9,392.14,"20,525,900"
22-Jan-24,400.02,400.62,393.59,396.51,389.8,"27,016,900"
19-Jan-24,395.76,398.67,393.5,398.67,391.92,"29,331,100"
18-Jan-24,391.72,393.99,390.12,393.87,387.2,"23,392,100"
17-Jan-24,387.98,390.11,384.81,389.47,382.87,"22,234,100"
16-Jan-24,393.66,394.03,387.62,390.27,383.66,"27,202,300"
12-Jan-24,385.49,388.68,384.65,388.47,381.89,"21,661,200"
11-Jan-24,386,390.68,380.38,384.63,378.12,"27,850,800"
10-Jan-24,376.37,384.17,376.32,382.77,376.29,"25,514,200"
9-Jan-24,372.01,375.99,371.19,375.79,369.43,"20,830,000"
8-Jan-24,369.3,375.2,369.01,374.69,368.34,"23,134,000"
5-Jan-24,368.97,372.06,366.5,367.75,361.52,"21,004,600"
4-Jan-24,370.67,373.1,367.17,367.94,361.71,"20,901,500"
3-Jan-24,369.01,373.26,368.51,370.6,364.32,"23,083,500"
2-Jan-24,373.86,375.9,366.77,370.87,364.59,"25,258,600"
29-Dec-23,376,377.16,373.48,376.04,369.67,"18,730,800"
28-Dec-23,375.37,376.46,374.16,375.28,368.92,"14,327,000"
27-Dec-23,373.69,375.06,372.81,374.07,367.74,"14,905,400"
26-Dec-23,375,376.94,373.5,374.66,368.32,"12,673,100"
22-Dec-23,373.68,375.18,372.71,374.58,368.24,"17,107,500"
21-Dec-23,372.56,374.41,370.04,373.54,367.21,"17,708,000"
20-Dec-23,375,376.03,370.53,370.62,364.34,"26,316,700"
19-Dec-23,371.49,373.26,369.84,373.26,366.94,"20,603,700"
18-Dec-23,369.45,373.0,368.68,372.65,366.34,"21,802,900"
15-Dec-23,366.85,372.4,366.28,370.73,364.45,"78,502,300"
14-Dec-23,373.31,373.76,364.13,365.93,359.73,"43,277,500"
13-Dec-23,376.02,377.64,370.77,374.37,368.03,"30,955,500"
12-Dec-23,370.85,374.42,370.46,374.38,368.04,"24,838,300"
11-Dec-23,368.48,371.6,366.1,371.3,365.01,"27,708,800"
8-Dec-23,369.2,374.46,368.23,374.23,367.89,"20,154,400"
7-Dec-23,368.23,371.45,366.32,370.95,364.67,"23,118,900"
6-Dec-23,373.54,374.18,368.03,368.8,362.55,"21,182,100"
5-Dec-23,366.45,373.08,365.62,372.52,366.21,"23,065,000"
4-Dec-23,369.1,369.52,362.9,369.14,362.89,"32,063,300"
1-Dec-23,376.76,378.16,371.31,374.51,368.17,"33,040,500"
30-Nov-23,378.49,380.09,375.47,378.91,372.49,"30,554,400"
29-Nov-23,383.76,384.3,377.44,378.85,372.43,"28,963,400"
28-Nov-23,378.35,383.0,378.16,382.7,376.22,"20,453,100"
27-Nov-23,376.78,380.64,376.2,378.61,372.2,"22,179,200"
24-Nov-23,377.33,377.97,375.14,377.43,371.04,"10,176,600"
22-Nov-23,378,379.79,374.97,377.85,371.45,"23,345,300"
21-Nov-23,375.67,376.22,371.12,373.07,366.75,"28,423,100"
20-Nov-23,371.22,378.87,371.0,377.44,371.05,"52,465,100"
17-Nov-23,373.61,374.37,367.0,369.85,363.59,"40,157,000"
16-Nov-23,370.96,376.35,370.18,376.17,369.8,"27,182,300"
15-Nov-23,371.28,373.13,367.11,369.67,363.41,"26,860,100"
14-Nov-23,371.01,371.95,367.35,370.27,363.26,"27,683,900"
13-Nov-23,368.22,368.47,365.9,366.68,359.74,"19,986,500"
10-Nov-23,361.49,370.1,361.07,369.67,362.67,"28,042,100"
9-Nov-23,362.3,364.79,360.36,360.69,353.86,"24,847,300"
8-Nov-23,361.68,363.87,360.55,363.2,356.33,"26,767,800"
7-Nov-23,359.4,362.46,357.63,360.53,353.71,"25,833,900"
6-Nov-23,353.45,357.54,353.35,356.53,349.78,"23,828,300"
3-Nov-23,349.63,354.39,347.33,352.8,346.12,"23,637,700"
2-Nov-23,347.24,348.83,344.77,348.32,341.73,"24,348,100"
1-Nov-23,339.79,347.42,339.65,346.07,339.52,"28,158,800"
31-Oct-23,338.85,339.0,334.69,338.11,331.71,"20,265,300"
30-Oct-23,333.41,339.45,331.83,337.31,330.93,"22,828,100"
27-Oct-23,330.43,336.72,328.4,329.81,323.57,"29,856,500"
26-Oct-23,340.54,341.63,326.94,327.89,321.68,"37,828,500"
25-Oct-23,345.02,346.2,337.62,340.67,334.22,"55,053,800"
24-Oct-23,331.3,331.84,327.6,330.53,324.27,"31,153,600"
23-Oct-23,325.47,332.73,324.39,329.32,323.09,"24,374,700"
20-Oct-23,331.72,331.92,325.45,326.67,320.49,"25,027,700"
19-Oct-23,332.15,336.88,330.91,331.32,325.05,"25,052,100"
18-Oct-23,332.49,335.59,328.3,330.11,323.86,"23,153,600"
17-Oct-23,329.59,333.46,327.41,332.06,325.78,"18,338,500"
16-Oct-23,331.05,336.14,330.6,332.64,326.34,"22,158,000"
13-Oct-23,332.38,333.83,326.36,327.73,321.53,"21,072,400"
12-Oct-23,330.57,333.63,328.72,331.16,324.89,"19,313,100"
11-Oct-23,331.21,332.82,329.14,332.42,326.13,"20,063,200"
10-Oct-23,330.96,331.1,327.67,328.39,322.17,"20,557,100"
9-Oct-23,324.75,330.3,323.18,329.82,323.58,"19,891,200"
6-Oct-23,316.55,329.19,316.3,327.26,321.07,"25,673,600"
5-Oct-23,319.09,319.98,314.9,319.36,313.32,"16,965,600"
4-Oct-23,314.03,320.04,314.0,318.96,312.92,"20,720,100"
3-Oct-23,320.83,321.39,311.21,313.39,307.46,"21,033,500"
2-Oct-23,316.28,321.89,315.18,321.8,315.71,"20,570,000"
29-Sep-23,317.75,319.47,314.98,315.75,309.77,"24,147,300"
28-Sep-23,310.99,315.48,309.45,313.64,307.7,"19,683,600"
27-Sep-23,312.3,314.3,309.69,312.79,306.87,"19,410,100"
26-Sep-23,315.13,315.88,310.02,312.14,306.23,"26,297,600"
25-Sep-23,316.59,317.67,315.0,317.54,311.53,"17,836,000"
22-Sep-23,321.32,321.45,316.15,317.01,311.01,"21,447,900"
21-Sep-23,319.26,325.35,315.0,319.53,313.48,"35,560,400"
20-Sep-23,329.51,329.59,320.51,320.77,314.7,"21,436,500"
19-Sep-23,326.17,329.39,324.51,328.65,322.43,"16,505,900"
18-Sep-23,327.8,330.4,326.36,329.06,322.83,"16,834,200"
15-Sep-23,336.92,337.4,329.65,330.22,323.97,"37,679,800"
14-Sep-23,339.15,340.86,336.57,338.7,332.29,"20,267,000"
13-Sep-23,331.31,336.85,331.17,336.06,329.7,"16,544,400"
12-Sep-23,335.82,336.79,331.48,331.77,325.49,"17,565,500"
11-Sep-23,337.24,338.42,335.43,337.94,331.54,"16,583,300"
8-Sep-23,330.09,336.16,329.46,334.27,327.94,"19,530,100"
7-Sep-23,331.29,333.08,329.03,329.91,323.67,"18,381,000"
6-Sep-23,333.38,334.46,330.18,332.88,326.58,"17,535,800"
5-Sep-23,329,334.85,328.66,333.55,327.24,"18,553,900"
1-Sep-23,331.31,331.99,326.78,328.66,322.44,"14,942,000"
31-Aug-23,329.2,330.91,326.78,327.76,321.56,"26,411,000"
30-Aug-23,328.67,329.81,326.45,328.79,322.57,"15,222,100"
29-Aug-23,321.88,328.98,321.88,328.41,322.19,"19,284,600"
28-Aug-23,325.66,326.15,321.72,323.7,317.57,"14,808,500"
25-Aug-23,321.47,325.36,318.8,322.98,316.87,"21,684,100"
24-Aug-23,332.85,332.98,319.96,319.97,313.91,"23,281,400"
23-Aug-23,323.82,329.2,323.46,327,320.81,"21,166,400"
22-Aug-23,325.5,326.08,321.46,322.46,316.36,"16,084,600"
21-Aug-23,317.93,322.77,317.04,321.88,315.79,"24,040,000"
18-Aug-23,314.49,318.38,311.55,316.48,310.49,"24,755,000"
17-Aug-23,320.54,321.87,316.21,316.88,310.88,"21,257,200"
16-Aug-23,320.8,324.42,319.8,320.4,314.34,"20,698,900"
15-Aug-23,323,325.09,320.9,321.86,315.1,"16,966,300"
14-Aug-23,321.39,324.06,320.08,324.04,317.24,"18,836,100"
11-Aug-23,320.26,322.41,319.21,321.01,314.27,"24,355,500"
10-Aug-23,326.02,328.26,321.18,322.93,316.15,"20,113,700"
9-Aug-23,326.47,327.11,321.05,322.23,315.46,"22,373,300"
8-Aug-23,326.96,328.75,323.0,326.05,319.2,"22,327,600"
7-Aug-23,328.37,331.11,327.52,330.11,323.18,"17,741,500"
4-Aug-23,331.88,335.14,327.24,327.78,320.9,"23,741,500"
3-Aug-23,326,329.88,325.95,326.66,319.8,"18,253,700"
2-Aug-23,333.63,333.63,326.36,327.5,320.62,"27,761,300"
1-Aug-23,335.19,338.54,333.7,336.34,329.28,"18,311,900"
31-Jul-23,336.92,337.7,333.36,335.92,328.87,"25,446,000"
28-Jul-23,333.67,340.01,333.17,338.37,331.26,"28,484,900"
27-Jul-23,340.48,341.33,329.05,330.72,323.78,"39,635,300"
26-Jul-23,341.44,344.67,333.11,337.77,330.68,"58,383,700"
25-Jul-23,347.11,351.89,345.07,350.98,343.61,"41,637,700"
24-Jul-23,345.85,346.92,342.31,345.11,337.86,"26,678,100"
21-Jul-23,349.15,350.3,339.83,343.77,336.55,"69,405,400"
20-Jul-23,353.57,357.97,345.37,346.87,339.59,"33,778,400"
19-Jul-23,361.75,362.46,352.44,355.08,347.62,"39,732,900"
18-Jul-23,345.83,366.78,342.17,359.49,351.94,"64,738,600"
17-Jul-23,345.68,346.99,342.2,345.73,338.47,"20,363,900"
14-Jul-23,347.59,351.43,344.31,345.24,337.99,"28,352,700"
13-Jul-23,339.56,343.74,339.02,342.66,335.46,"20,567,200"
12-Jul-23,336.6,341.65,335.67,337.2,330.12,"29,995,300"
11-Jul-23,331.06,332.86,327.0,332.47,325.49,"26,698,200"
10-Jul-23,334.6,335.23,327.59,331.83,324.86,"32,791,400"
7-Jul-23,339.32,341.79,337.0,337.22,330.14,"21,214,800"
6-Jul-23,337.3,342.99,335.5,341.27,334.1,"28,161,200"
5-Jul-23,335.09,341.65,334.73,338.15,331.05,"18,172,400"
3-Jul-23,339.19,340.9,336.57,337.99,330.89,"12,508,700"
30-Jun-23,337.75,342.73,337.2,340.54,333.39,"26,832,800"
29-Jun-23,334.71,336.11,332.62,335.05,328.01,"16,997,000"
28-Jun-23,334.66,337.98,333.81,335.85,328.8,"20,259,500"
27-Jun-23,331.86,336.15,329.3,334.57,327.54,"24,354,100"
26-Jun-23,333.72,336.11,328.49,328.6,321.7,"21,520,600"
23-Jun-23,334.36,337.96,333.45,335.02,327.98,"23,146,900"
22-Jun-23,334.12,340.12,333.34,339.71,332.58,"23,556,800"
21-Jun-23,336.37,337.73,332.07,333.56,326.56,"25,117,800"
20-Jun-23,339.31,342.08,335.86,338.05,330.95,"26,375,400"
16-Jun-23,351.32,351.47,341.95,342.33,335.14,"46,552,000"
15-Jun-23,337.48,349.84,337.2,348.1,340.79,"38,899,100"
14-Jun-23,334.34,339.04,332.81,337.34,330.26,"26,003,800"
13-Jun-23,334.47,336.98,330.39,334.29,327.27,"22,951,300"
12-Jun-23,328.58,332.1,325.16,331.85,324.88,"24,260,300"
9-Jun-23,324.99,329.99,324.41,326.79,319.93,"22,529,000"
8-Jun-23,323.94,326.64,323.35,325.26,318.43,"23,277,700"
7-Jun-23,331.65,334.49,322.5,323.38,316.59,"40,717,100"
6-Jun-23,335.33,335.37,332.17,333.68,326.67,"20,396,200"
5-Jun-23,335.22,338.56,334.66,335.94,328.89,"21,307,100"
2-Jun-23,334.25,337.5,332.55,335.4,328.36,"25,873,800"
1-Jun-23,325.93,333.53,324.72,332.58,325.6,"26,773,900"
31-May-23,332.29,335.94,327.33,328.39,321.49,"45,950,600"
30-May-23,335.23,335.74,330.52,331.21,324.26,"29,503,100"
26-May-23,324.02,333.4,323.88,332.89,325.9,"36,630,600"
25-May-23,323.24,326.9,320.0,325.92,319.08,"43,301,700"
24-May-23,314.73,316.5,312.61,313.85,307.26,"23,384,900"
23-May-23,320.03,322.72,315.25,315.26,308.64,"30,797,200"
22-May-23,318.6,322.59,318.01,321.18,314.44,"24,115,700"
19-May-23,316.74,318.75,316.37,318.34,311.66,"27,546,700"
18-May-23,314.53,319.04,313.72,318.52,311.83,"27,276,000"
17-May-23,312.29,314.43,310.74,314,307.41,"24,315,000"
16-May-23,309.83,313.71,309.83,311.74,304.53,"26,730,300"
15-May-23,309.1,309.9,307.59,309.46,302.3,"16,336,500"
12-May-23,310.55,310.65,306.6,308.97,301.82,"19,774,700"
11-May-23,310.1,311.12,306.26,310.11,302.94,"31,680,200"
10-May-23,308.62,313.0,307.67,312.31,305.08,"30,078,000"
9-May-23,308,310.04,306.31,307,299.9,"21,340,800"
8-May-23,310.13,310.2,306.09,308.65,301.51,"21,318,600"
5-May-23,305.72,311.97,304.27,310.65,303.46,"28,197,100"
4-May-23,306.24,307.76,303.4,305.41,298.34,"22,519,900"
3-May-23,306.62,308.61,304.09,304.4,297.36,"22,360,800"
2-May-23,307.76,309.18,303.91,305.41,298.34,"26,404,400"
1-May-23,306.97,308.6,305.15,305.56,298.49,"21,294,100"
28-Apr-23,304.01,308.93,303.31,307.26,300.15,"36,469,600"
27-Apr-23,295.97,305.2,295.25,304.83,297.78,"46,462,600"
26-Apr-23,296.7,299.57,292.73,295.37,288.54,"64,599,200"
25-Apr-23,279.51,281.6,275.37,275.42,269.05,"45,772,200"
24-Apr-23,282.09,284.95,278.72,281.77,275.25,"26,611,000"
21-Apr-23,285.01,286.27,283.06,285.76,279.15,"21,676,400"
20-Apr-23,285.25,289.03,285.08,286.11,279.49,"23,244,400"
19-Apr-23,285.99,289.05,284.54,288.45,281.78,"17,150,300"
18-Apr-23,291.57,291.76,287.01,288.37,281.7,"20,161,800"
17-Apr-23,289.93,291.6,286.16,288.8,282.12,"23,836,200"
14-Apr-23,287,288.48,283.69,286.14,279.52,"20,987,900"
13-Apr-23,283.59,289.9,283.17,289.84,283.13,"24,222,700"
12-Apr-23,284.79,287.01,281.96,283.49,276.93,"27,403,400"
11-Apr-23,285.75,285.98,281.64,282.83,276.29,"27,276,600"
10-Apr-23,289.21,289.6,284.71,289.39,282.7,"23,103,000"
6-Apr-23,283.21,292.08,282.03,291.6,284.85,"29,770,300"
5-Apr-23,285.85,287.15,282.92,284.34,277.76,"22,064,800"
4-Apr-23,287.23,290.45,285.67,287.18,280.54,"25,824,300"
3-Apr-23,286.52,288.27,283.95,287.23,280.59,"24,883,300"
31-Mar-23,283.73,289.27,283.0,288.3,281.63,"32,766,000"
30-Mar-23,284.23,284.46,281.48,284.05,277.48,"25,053,400"
29-Mar-23,278.96,281.14,278.41,280.51,274.02,"25,087,000"
28-Mar-23,275.79,276.14,272.05,275.23,268.86,"21,878,600"
27-Mar-23,280.5,281.46,275.52,276.38,269.99,"26,840,200"
24-Mar-23,277.24,280.63,275.28,280.57,274.08,"28,172,000"
23-Mar-23,277.94,281.06,275.2,277.66,271.24,"36,610,900"
22-Mar-23,273.4,281.04,272.18,272.29,265.99,"34,873,300"
21-Mar-23,274.88,275.0,269.52,273.78,267.45,"34,558,700"
20-Mar-23,276.98,277.48,269.85,272.23,265.93,"43,466,600"
17-Mar-23,278.26,283.33,276.32,279.43,272.97,"69,527,400"
16-Mar-23,265.21,276.56,263.28,276.2,269.81,"54,768,800"
15-Mar-23,259.98,266.48,259.21,265.44,259.3,"46,028,000"
14-Mar-23,256.75,261.07,255.86,260.79,254.76,"33,620,300"
13-Mar-23,247.4,257.91,245.73,253.92,248.05,"33,339,700"
10-Mar-23,251.08,252.79,247.6,248.59,242.84,"28,333,900"
9-Mar-23,255.82,259.56,251.58,252.32,246.48,"26,653,400"
8-Mar-23,254.04,254.54,250.81,253.7,247.83,"17,340,200"
7-Mar-23,256.3,257.69,253.39,254.15,248.27,"21,473,200"
6-Mar-23,256.43,260.12,255.98,256.87,250.93,"24,109,800"
3-Mar-23,252.19,255.62,251.39,255.29,249.38,"30,760,100"
2-Mar-23,246.55,251.4,245.61,251.11,245.3,"24,808,200"
1-Mar-23,250.76,250.93,245.79,246.27,240.57,"27,565,300"
28-Feb-23,249.07,251.49,248.73,249.42,243.65,"22,491,000"
27-Feb-23,252.46,252.82,249.39,250.16,244.37,"21,190,000"
24-Feb-23,249.96,251.0,248.1,249.22,243.45,"24,990,900"
23-Feb-23,255.56,256.84,250.48,254.77,248.88,"29,219,100"
22-Feb-23,254.09,254.34,250.34,251.51,245.69,"22,491,100"
21-Feb-23,254.48,255.49,251.59,252.67,246.82,"28,397,400"
17-Feb-23,259.39,260.09,256.0,258.06,252.09,"30,000,100"
16-Feb-23,264.02,266.74,261.9,262.15,256.09,"29,603,600"
15-Feb-23,268.32,270.73,266.18,269.32,263.09,"28,922,400"
14-Feb-23,272.67,274.97,269.28,272.17,265.21,"37,047,900"
13-Feb-23,267.64,274.6,267.15,271.32,264.38,"44,630,900"
10-Feb-23,261.53,264.09,260.66,263.1,256.37,"25,818,500"
9-Feb-23,273.8,273.98,262.8,263.62,256.88,"42,375,100"
8-Feb-23,273.2,276.76,266.21,266.73,259.91,"54,686,000"
7-Feb-23,260.53,268.77,260.08,267.56,260.72,"50,841,400"
6-Feb-23,257.44,258.3,254.78,256.77,250.2,"22,518,000"
3-Feb-23,259.54,264.2,257.1,258.35,251.74,"29,077,300"
2-Feb-23,258.82,264.69,257.25,264.6,257.83,"39,940,400"
1-Feb-23,248,255.18,245.47,252.75,246.29,"31,259,900"
31-Jan-23,243.45,247.95,242.95,247.81,241.47,"26,541,100"
30-Jan-23,244.51,245.6,242.2,242.71,236.5,"25,867,400"
27-Jan-23,248.99,249.83,246.83,248.16,241.81,"26,498,900"
26-Jan-23,243.65,248.31,242.0,248,241.66,"33,454,500"
25-Jan-23,234.48,243.3,230.9,240.61,234.46,"66,526,600"
24-Jan-23,242.5,243.95,240.44,242.04,235.85,"40,234,400"
23-Jan-23,241.1,245.17,239.65,242.58,236.38,"31,934,000"
20-Jan-23,234.86,240.74,234.51,240.22,234.08,"35,389,800"
19-Jan-23,233.78,235.52,230.68,231.93,226,"28,623,000"
18-Jan-23,241.57,242.38,235.52,235.81,229.78,"30,028,700"
17-Jan-23,237.97,240.91,237.09,240.35,234.2,"29,831,300"
13-Jan-23,237,239.37,234.92,239.23,233.11,"21,333,300"
12-Jan-23,235.26,239.9,233.56,238.51,232.41,"27,269,500"
11-Jan-23,231.29,235.95,231.11,235.77,229.74,"28,669,300"
10-Jan-23,227.76,231.31,227.33,228.85,223,"27,033,900"
9-Jan-23,226.45,231.24,226.41,227.12,221.31,"27,369,800"
6-Jan-23,223,225.76,219.35,224.93,219.18,"43,613,600"
5-Jan-23,227.2,227.55,221.76,222.31,216.62,"39,585,600"
4-Jan-23,232.28,232.87,225.96,229.1,223.24,"50,623,400"
3-Jan-23,243.08,245.75,237.4,239.58,233.45,"25,740,000"
30-Dec-22,238.21,239.96,236.66,239.82,233.69,"21,938,500"
29-Dec-22,235.65,241.92,235.65,241.01,234.85,"19,770,700"
28-Dec-22,236.89,239.72,234.17,234.53,228.53,"17,457,100"
27-Dec-22,238.7,238.93,235.83,236.96,230.9,"16,688,600"
23-Dec-22,236.11,238.87,233.94,238.73,232.62,"21,207,000"
22-Dec-22,241.26,241.99,233.87,238.19,232.1,"28,651,700"
21-Dec-22,241.69,245.62,240.11,244.43,238.18,"23,690,600"
20-Dec-22,239.4,242.91,238.42,241.8,235.62,"25,150,800"
19-Dec-22,244.86,245.21,238.71,240.45,234.3,"29,696,400"
16-Dec-22,248.55,249.84,243.51,244.69,238.43,"86,102,000"
15-Dec-22,253.72,254.2,247.34,249.01,242.64,"35,560,400"
14-Dec-22,257.13,262.59,254.31,257.22,250.64,"35,410,900"
13-Dec-22,261.69,263.92,253.07,256.92,250.35,"42,196,900"
12-Dec-22,247.45,252.54,247.17,252.51,246.05,"30,665,100"
9-Dec-22,244.7,248.31,244.16,245.42,239.14,"20,609,700"
8-Dec-22,244.84,248.74,243.06,247.4,241.07,"22,611,800"
7-Dec-22,244.83,246.16,242.21,244.37,238.12,"20,481,500"
6-Dec-22,250.82,251.86,243.78,245.12,238.85,"22,463,700"
5-Dec-22,252.01,253.82,248.06,250.2,243.8,"23,435,300"
2-Dec-22,249.82,256.06,249.69,255.02,248.5,"21,528,500"
1-Dec-22,253.87,256.12,250.92,254.69,248.18,"26,041,500"
30-Nov-22,240.57,255.33,239.86,255.14,248.61,"47,594,200"
29-Nov-22,241.4,242.79,238.21,240.33,234.18,"17,956,300"
28-Nov-22,246.08,246.65,240.8,241.76,235.58,"24,778,200"
25-Nov-22,247.31,248.7,246.73,247.49,241.16,"9,200,800"
23-Nov-22,245.11,248.28,244.27,247.58,241.25,"19,508,500"
22-Nov-22,243.59,245.31,240.71,245.03,238.76,"19,665,700"
21-Nov-22,241.43,244.67,241.19,242.05,235.86,"26,394,700"
18-Nov-22,243.51,243.74,239.03,241.22,235.05,"27,613,500"
17-Nov-22,237.78,243.25,237.63,241.68,235.5,"23,123,500"
16-Nov-22,242.79,243.8,240.42,241.73,235.55,"24,093,300"
15-Nov-22,245.66,247.0,240.03,241.97,235.12,"31,390,100"
14-Nov-22,241.99,243.91,239.21,241.55,234.71,"31,123,300"
11-Nov-22,242.99,247.99,241.93,247.11,240.11,"34,620,200"
10-Nov-22,235.43,243.33,235.0,242.98,236.1,"46,268,000"
9-Nov-22,227.37,228.63,224.33,224.51,218.15,"27,852,900"
8-Nov-22,228.7,231.65,225.84,228.87,222.39,"28,192,500"
7-Nov-22,221.99,228.41,221.28,227.87,221.42,"33,498,000"
4-Nov-22,217.55,221.59,213.43,221.39,215.12,"36,789,100"
3-Nov-22,220.09,220.41,213.98,214.25,208.18,"36,633,900"
2-Nov-22,229.46,231.3,220.04,220.1,213.87,"38,407,000"
1-Nov-22,234.6,235.74,227.33,228.17,221.71,"30,592,300"
31-Oct-22,233.76,234.92,231.15,232.13,225.56,"28,357,300"
28-Oct-22,226.24,236.6,226.05,235.87,229.19,"40,647,700"
27-Oct-22,231.04,233.69,225.78,226.75,220.33,"40,424,600"
26-Oct-22,231.17,238.3,230.06,231.32,224.77,"82,543,200"
25-Oct-22,247.26,251.04,245.83,250.66,243.56,"34,775,500"
24-Oct-22,243.76,247.84,241.3,247.25,240.25,"24,911,200"
21-Oct-22,234.74,243.0,234.5,242.12,235.26,"26,299,700"
20-Oct-22,235.77,241.31,234.87,236.15,229.46,"21,811,000"
19-Oct-22,237.04,239.61,234.29,236.48,229.78,"19,985,700"
18-Oct-22,243.24,243.93,235.37,238.5,231.75,"26,329,600"
17-Oct-22,235.82,238.96,235.14,237.53,230.8,"28,142,300"
14-Oct-22,235.54,237.24,228.34,228.56,222.09,"30,198,600"
13-Oct-22,219.85,236.1,219.13,234.24,227.61,"42,551,800"
12-Oct-22,225.4,227.86,223.96,225.75,219.36,"21,903,900"
11-Oct-22,227.62,229.06,224.11,225.41,219.03,"30,474,000"
10-Oct-22,233.05,234.56,226.73,229.25,222.76,"29,743,600"
7-Oct-22,240.9,241.32,233.17,234.24,227.61,"37,769,600"
6-Oct-22,247.93,250.34,246.08,246.79,239.8,"20,239,900"
5-Oct-22,245.99,250.58,244.1,249.2,242.14,"20,347,100"
4-Oct-22,245.09,250.36,244.98,248.88,241.83,"34,888,400"
3-Oct-22,235.41,241.61,234.66,240.74,233.92,"28,880,400"
30-Sep-22,238.29,240.54,232.73,232.9,226.31,"35,694,800"
29-Sep-22,238.89,239.95,234.41,237.5,230.78,"27,484,200"
28-Sep-22,236.81,242.33,234.73,241.07,234.24,"29,029,700"
27-Sep-22,239.98,241.8,234.5,236.41,229.72,"27,018,700"
26-Sep-22,237.05,241.45,236.9,237.45,230.73,"27,694,200"
23-Sep-22,239.54,241.13,235.2,237.92,231.18,"34,176,000"
22-Sep-22,237.87,243.86,237.57,240.98,234.16,"31,061,200"
21-Sep-22,244.27,247.66,238.9,238.95,232.18,"28,625,600"
20-Sep-22,242.07,243.51,239.64,242.45,235.59,"26,660,300"
19-Sep-22,242.47,245.14,240.85,244.52,237.6,"26,826,900"
16-Sep-22,244.26,245.3,242.06,244.74,237.81,"39,791,800"
15-Sep-22,249.77,251.4,244.02,245.38,238.43,"31,530,900"
14-Sep-22,253.53,254.23,249.86,252.22,245.08,"23,913,000"
13-Sep-22,258.84,260.4,251.59,251.99,244.86,"33,353,300"
12-Sep-22,265.78,267.45,265.16,266.65,259.1,"18,747,700"
9-Sep-22,260.5,265.23,260.29,264.46,256.97,"22,084,700"
8-Sep-22,257.51,260.43,254.79,258.52,251.2,"20,319,900"
7-Sep-22,254.7,258.83,253.22,258.09,250.78,"24,126,700"
6-Sep-22,256.2,257.83,251.94,253.25,246.08,"21,328,200"
2-Sep-22,261.7,264.74,254.47,256.06,248.81,"22,855,400"
1-Sep-22,258.87,260.89,255.41,260.4,253.03,"23,263,400"
31-Aug-22,265.39,267.11,261.33,261.47,254.07,"24,791,800"
30-Aug-22,266.67,267.05,260.66,262.97,255.52,"22,767,100"
29-Aug-22,265.85,267.4,263.85,265.23,257.72,"20,338,500"
26-Aug-22,279.08,280.34,267.98,268.09,260.5,"27,549,300"
25-Aug-22,277.33,279.02,274.52,278.85,270.95,"16,583,400"
24-Aug-22,275.41,277.23,275.11,275.79,267.98,"18,137,000"
23-Aug-22,276.44,278.86,275.4,276.44,268.61,"17,527,400"
22-Aug-22,282.08,282.46,277.22,277.75,269.89,"25,061,100"
19-Aug-22,288.9,289.25,285.56,286.15,278.05,"20,570,000"
18-Aug-22,290.19,291.91,289.08,290.17,281.95,"17,186,200"
17-Aug-22,289.74,293.35,289.47,291.32,283.07,"18,253,400"
16-Aug-22,291.99,294.04,290.42,292.71,283.82,"18,102,900"
15-Aug-22,291,294.18,290.11,293.47,284.56,"18,085,700"
12-Aug-22,288.48,291.91,286.94,291.91,283.04,"22,619,700"
11-Aug-22,290.85,291.21,286.51,287.02,278.3,"20,065,900"
10-Aug-22,288.17,289.81,286.94,289.16,280.38,"24,687,800"
9-Aug-22,279.64,283.08,277.61,282.3,273.73,"23,405,200"
8-Aug-22,284.05,285.92,279.32,280.32,271.81,"18,739,200"
5-Aug-22,279.15,283.65,278.68,282.91,274.32,"16,774,600"
4-Aug-22,281.8,283.8,280.17,283.65,275.04,"18,098,700"
3-Aug-22,276.76,283.5,276.61,282.47,273.89,"23,518,900"
2-Aug-22,276,277.89,272.38,274.82,266.47,"22,754,200"
1-Aug-22,277.82,281.28,275.84,278.01,269.57,"21,539,600"
29-Jul-22,277.7,282.0,276.63,280.74,272.21,"32,152,800"
28-Jul-22,269.75,277.84,267.87,276.41,268.02,"33,459,300"
27-Jul-22,261.16,270.05,258.85,268.74,260.58,"45,994,000"
26-Jul-22,259.86,259.88,249.57,251.9,244.25,"39,348,000"
25-Jul-22,261,261.5,256.81,258.83,250.97,"21,056,000"
22-Jul-22,265.24,265.33,259.07,260.36,252.45,"21,881,300"
21-Jul-22,259.79,264.89,257.03,264.84,256.8,"22,404,700"
20-Jul-22,259.9,264.87,258.91,262.27,254.3,"22,788,300"
19-Jul-22,257.58,259.72,253.68,259.53,251.65,"25,012,600"
18-Jul-22,259.75,260.84,253.3,254.25,246.53,"20,975,000"
15-Jul-22,255.72,260.37,254.77,256.72,248.92,"29,774,100"
14-Jul-22,250.57,255.14,245.94,254.08,246.36,"25,102,800"
13-Jul-22,250.19,253.55,248.11,252.72,245.04,"29,497,400"
12-Jul-22,265.88,265.94,252.04,253.67,245.97,"35,868,500"
11-Jul-22,265.65,266.53,262.18,264.51,256.48,"19,455,200"
8-Jul-22,264.79,268.1,263.29,267.66,259.53,"19,658,800"
7-Jul-22,265.12,269.06,265.02,268.4,260.25,"20,859,900"
6-Jul-22,263.75,267.99,262.4,266.21,258.12,"23,824,400"
5-Jul-22,256.16,262.98,254.74,262.85,254.87,"22,941,000"
1-Jul-22,256.39,259.77,254.61,259.58,251.7,"22,837,700"
30-Jun-22,257.05,259.53,252.9,256.83,249.03,"31,730,900"
29-Jun-22,257.59,261.97,255.76,260.26,252.36,"20,069,800"
28-Jun-22,263.98,266.91,256.32,256.48,248.69,"27,295,500"
27-Jun-22,268.21,268.3,263.28,264.89,256.85,"24,615,100"
24-Jun-22,261.81,267.98,261.72,267.7,259.57,"33,923,200"
23-Jun-22,255.57,259.37,253.63,258.86,251,"25,861,400"
22-Jun-22,251.89,257.17,250.37,253.13,245.44,"25,939,900"
21-Jun-22,250.26,254.75,249.51,253.74,246.03,"29,928,300"
17-Jun-22,244.7,250.5,244.03,247.65,240.13,"43,084,800"
16-Jun-22,245.98,247.42,243.02,244.97,237.53,"33,169,200"
15-Jun-22,248.31,255.3,246.42,251.76,244.11,"33,111,700"
14-Jun-22,243.86,245.74,241.51,244.49,237.06,"28,651,500"
13-Jun-22,245.11,249.02,241.53,242.26,234.9,"46,135,800"
10-Jun-22,260.58,260.58,252.53,252.99,245.31,"31,422,800"
9-Jun-22,267.78,272.71,264.63,264.79,256.75,"26,439,700"
8-Jun-22,271.71,273.0,269.61,270.41,262.2,"17,372,300"
7-Jun-22,266.64,273.13,265.94,272.5,264.22,"22,860,700"
6-Jun-22,272.06,274.18,267.22,268.75,260.59,"22,400,300"
3-Jun-22,270.31,273.45,268.41,270.02,261.82,"28,059,000"
2-Jun-22,264.45,274.65,261.6,274.58,266.24,"44,008,200"
1-Jun-22,275.2,277.69,270.04,272.42,264.15,"25,292,200"
31-May-22,272.53,274.77,268.93,271.87,263.61,"37,827,700"
27-May-22,268.48,273.34,267.56,273.24,264.94,"26,910,800"
26-May-22,262.27,267.11,261.43,265.9,257.82,"25,002,100"
25-May-22,258.14,264.58,257.13,262.52,254.55,"28,547,900"
24-May-22,257.89,261.33,253.5,259.62,251.74,"29,043,900"
23-May-22,255.49,261.5,253.43,260.65,252.73,"33,175,400"
20-May-22,257.24,258.54,246.44,252.56,244.89,"39,199,300"
19-May-22,253.9,257.67,251.88,253.14,245.45,"32,692,300"
18-May-22,263,263.6,252.77,254.08,246.36,"31,356,000"
17-May-22,266.11,268.33,262.46,266.82,258.12,"28,828,800"
16-May-22,259.96,265.82,255.78,261.5,252.97,"32,550,900"
13-May-22,257.35,263.04,255.35,261.12,252.6,"34,925,100"
12-May-22,257.69,259.88,250.02,255.35,247.02,"51,033,800"
11-May-22,265.68,271.36,259.3,260.55,252.05,"48,975,900"
10-May-22,271.69,273.75,265.07,269.5,260.71,"39,336,400"
9-May-22,270.06,272.36,263.32,264.58,255.95,"47,726,000"
6-May-22,274.81,279.25,271.27,274.73,265.77,"37,780,300"
5-May-22,285.54,286.35,274.34,277.35,268.3,"43,260,400"
4-May-22,282.59,290.88,276.73,289.98,280.52,"33,599,300"
3-May-22,283.96,284.13,280.15,281.78,272.59,"25,978,600"
2-May-22,277.71,284.94,276.22,284.47,275.19,"35,151,100"
29-Apr-22,288.61,289.88,276.5,277.52,268.47,"37,073,900"
28-Apr-22,285.19,290.98,281.46,289.63,280.18,"33,646,600"
27-Apr-22,282.1,290.97,279.16,283.22,273.98,"63,477,700"
26-Apr-22,277.5,278.36,270.0,270.22,261.4,"46,518,400"
25-Apr-22,273.29,281.11,270.77,280.72,271.56,"35,678,900"
22-Apr-22,281.68,283.2,273.38,274.03,265.09,"29,405,800"
21-Apr-22,288.58,293.3,280.06,280.81,271.65,"29,454,600"
20-Apr-22,289.4,289.7,285.37,286.36,277.02,"22,906,700"
19-Apr-22,279.38,286.17,278.41,285.3,275.99,"22,297,700"
18-Apr-22,278.91,282.46,278.34,280.52,271.37,"20,778,000"
14-Apr-22,288.09,288.31,279.32,279.83,270.7,"28,221,600"
13-Apr-22,282.73,288.58,281.3,287.62,278.24,"21,907,200"
12-Apr-22,289.24,290.74,280.49,282.06,272.86,"30,966,700"
11-Apr-22,291.79,292.61,285.0,285.26,275.95,"34,569,300"
8-Apr-22,300.44,301.12,296.28,296.97,287.28,"24,361,900"
7-Apr-22,296.66,303.65,296.35,301.37,291.54,"31,411,200"
6-Apr-22,305.19,307.0,296.71,299.5,289.73,"40,110,400"
5-Apr-22,313.27,314.87,309.87,310.88,300.74,"23,156,700"
4-Apr-22,310.09,315.11,309.71,314.97,304.69,"24,289,600"
1-Apr-22,309.37,310.13,305.54,309.42,299.33,"27,110,500"
31-Mar-22,313.9,315.14,307.89,308.31,298.25,"33,422,100"
30-Mar-22,313.76,315.95,311.58,313.86,303.62,"28,163,600"
29-Mar-22,313.91,315.82,309.05,315.41,305.12,"30,393,400"
28-Mar-22,304.33,310.8,304.33,310.7,300.56,"29,578,200"
25-Mar-22,305.23,305.5,299.29,303.68,293.77,"22,566,500"
24-Mar-22,299.14,304.2,298.32,304.1,294.18,"24,484,500"
23-Mar-22,300.51,303.23,297.72,299.49,289.72,"25,715,400"
22-Mar-22,299.8,305.0,298.77,304.06,294.14,"27,599,700"
21-Mar-22,298.89,300.14,294.9,299.16,289.4,"28,351,200"
18-Mar-22,295.37,301.0,292.73,300.43,290.63,"43,390,600"
17-Mar-22,293.29,295.61,289.37,295.22,285.59,"30,816,600"
16-Mar-22,289.11,294.57,283.2,294.39,284.79,"37,826,300"
15-Mar-22,280.35,287.82,278.73,287.15,277.78,"34,245,100"
14-Mar-22,280.34,285.4,275.82,276.44,267.42,"30,660,700"
11-Mar-22,287.96,289.51,279.43,280.07,270.93,"27,209,300"
10-Mar-22,283.02,286.6,280.58,285.59,276.27,"30,628,000"
9-Mar-22,283.44,289.6,280.78,288.5,279.09,"35,204,500"
8-Mar-22,277.8,283.96,270.0,275.85,266.85,"48,159,500"
7-Mar-22,288.53,289.69,278.53,278.91,269.81,"43,157,200"
4-Mar-22,294.29,295.66,287.17,289.86,280.4,"32,356,500"
3-Mar-22,302.89,303.13,294.05,295.92,286.27,"27,314,500"
2-Mar-22,295.36,301.47,293.7,300.19,290.4,"31,873,000"
1-Mar-22,296.4,299.97,292.15,294.95,285.33,"31,217,800"
28-Feb-22,294.31,299.14,293.0,298.79,289.04,"34,627,500"
25-Feb-22,295.14,297.63,291.65,297.31,287.61,"32,546,700"
24-Feb-22,272.51,295.16,271.52,294.59,284.98,"56,989,700"
23-Feb-22,290.18,291.7,280.1,280.27,271.13,"37,811,200"
22-Feb-22,285,291.54,284.5,287.72,278.33,"41,736,100"
18-Feb-22,293.05,293.86,286.31,287.93,278.54,"34,264,000"
17-Feb-22,296.36,296.8,290.0,290.73,281.25,"32,461,600"
16-Feb-22,298.37,300.87,293.68,299.5,289.73,"29,982,100"
15-Feb-22,300.01,300.8,297.02,300.47,290.07,"27,058,300"
14-Feb-22,293.77,296.76,291.35,295,284.79,"36,359,500"
11-Feb-22,303.19,304.29,294.22,295.04,284.83,"39,175,600"
10-Feb-22,304.04,309.12,300.7,302.38,291.91,"45,386,200"
9-Feb-22,309.87,311.93,307.39,311.21,300.44,"31,284,700"
8-Feb-22,301.25,305.56,299.95,304.56,294.02,"32,421,200"
7-Feb-22,306.17,307.84,299.9,300.95,290.53,"28,533,300"
4-Feb-22,300.21,308.8,299.97,305.94,295.35,"35,096,500"
3-Feb-22,309.49,311.23,299.96,301.25,290.82,"43,730,000"
2-Feb-22,309.63,315.12,308.88,313.46,302.61,"36,636,000"
1-Feb-22,310.41,310.63,305.13,308.76,298.07,"40,950,400"
31-Jan-22,308.95,312.38,306.37,310.98,300.21,"46,444,500"
28-Jan-22,300.23,308.48,294.45,308.26,297.59,"49,743,700"
27-Jan-22,302.66,307.3,297.93,299.84,289.46,"53,481,300"
26-Jan-22,307.99,308.5,293.03,296.71,286.44,"90,428,900"
25-Jan-22,291.52,294.99,285.17,288.49,278.5,"72,848,600"
24-Jan-22,292.2,297.11,276.05,296.37,286.11,"85,731,500"
21-Jan-22,302.69,304.11,295.61,296.03,285.78,"57,984,400"
20-Jan-22,309.07,311.65,301.14,301.6,291.16,"35,380,700"
19-Jan-22,306.29,313.91,302.7,303.33,292.83,"45,933,900"
18-Jan-22,304.07,309.8,301.74,302.65,292.17,"42,333,200"
14-Jan-22,304.25,310.82,303.75,310.2,299.46,"39,846,400"
13-Jan-22,320.47,320.88,304.0,304.8,294.25,"45,366,000"
12-Jan-22,319.67,323.41,317.08,318.27,307.25,"34,372,200"
11-Jan-22,313.38,316.61,309.89,314.98,304.08,"29,386,800"
10-Jan-22,309.49,314.72,304.69,314.27,303.39,"44,289,500"
7-Jan-22,314.15,316.5,310.09,314.04,303.17,"32,720,000"
6-Jan-22,313.15,318.7,311.49,313.88,303.01,"39,646,100"
5-Jan-22,325.86,326.07,315.98,316.38,305.43,"40,054,300"
4-Jan-22,334.83,335.2,326.12,329.01,317.62,"32,674,300"
3-Jan-22,335.35,338.0,329.78,334.75,323.16,"28,865,100"
31-Dec-21,338.51,339.36,335.85,336.32,324.68,"18,000,800"
30-Dec-21,341.91,343.13,338.82,339.32,327.57,"15,994,500"
29-Dec-21,341.3,344.3,339.68,341.95,330.11,"15,042,000"
28-Dec-21,343.15,343.81,340.32,341.25,329.44,"15,661,500"
27-Dec-21,335.46,342.48,335.43,342.45,330.59,"19,947,000"
23-Dec-21,332.75,336.39,332.73,334.69,323.1,"19,617,800"
22-Dec-21,328.3,333.61,325.75,333.2,321.66,"24,831,500"
21-Dec-21,323.29,327.73,319.8,327.29,315.96,"24,740,600"
20-Dec-21,320.05,322.8,317.57,319.91,308.83,"28,326,500"
17-Dec-21,320.88,324.92,317.25,323.8,312.59,"47,750,300"
16-Dec-21,335.71,336.76,323.02,324.9,313.65,"35,034,800"
15-Dec-21,328.61,335.19,324.5,334.65,323.06,"35,381,100"
14-Dec-21,333.22,334.64,324.11,328.34,316.97,"44,438,700"
13-Dec-21,340.68,343.79,339.08,339.4,327.65,"28,899,400"
10-Dec-21,334.98,343.0,334.79,342.54,330.68,"38,095,700"
9-Dec-21,334.41,336.49,332.12,333.1,321.57,"22,214,200"
8-Dec-21,335.31,335.5,330.8,334.97,323.37,"24,761,000"
7-Dec-21,331.64,335.8,330.1,334.92,323.32,"31,021,900"
6-Dec-21,323.95,327.45,319.23,326.19,314.9,"30,032,600"
3-Dec-21,331.99,332.7,318.03,323.01,311.83,"41,779,300"
2-Dec-21,330.3,333.49,327.8,329.49,318.08,"30,766,000"
1-Dec-21,335.13,339.28,329.39,330.08,318.65,"33,337,600"
30-Nov-21,335.32,337.78,328.99,330.59,319.14,"42,885,600"
29-Nov-21,334.94,339.03,334.74,336.63,324.98,"28,563,500"
26-Nov-21,334.35,337.93,328.12,329.68,318.27,"24,217,200"
24-Nov-21,336.28,338.16,333.91,337.91,326.21,"21,661,300"
23-Nov-21,337.05,339.45,333.56,337.68,325.99,"30,427,600"
22-Nov-21,344.62,349.67,339.55,339.83,328.06,"31,031,100"
19-Nov-21,342.64,345.1,342.2,343.11,331.23,"21,963,400"
18-Nov-21,338.18,342.45,337.12,341.27,329.46,"22,463,500"
17-Nov-21,338.94,342.19,338.0,339.12,327.38,"19,053,400"
16-Nov-21,335.68,340.67,335.51,339.51,327.16,"20,886,800"
15-Nov-21,337.54,337.88,334.03,336.07,323.84,"16,723,000"
12-Nov-21,333.92,337.23,333.79,336.72,324.47,"23,831,000"
11-Nov-21,331.25,333.77,330.51,332.43,320.34,"16,849,800"
10-Nov-21,334.57,334.63,329.92,330.8,318.76,"25,500,900"
9-Nov-21,337.11,338.72,334.53,335.95,323.73,"21,307,400"
8-Nov-21,337.3,337.65,334.44,336.99,324.73,"20,897,000"
5-Nov-21,338.51,338.79,334.42,336.06,323.83,"22,570,100"
4-Nov-21,332.89,336.54,329.51,336.44,324.2,"23,992,200"
3-Nov-21,333.9,334.9,330.65,334,321.85,"21,500,100"
2-Nov-21,330.31,333.45,330.0,333.13,321.01,"26,487,100"
1-Nov-21,331.36,331.49,326.37,329.37,317.39,"27,073,200"
29-Oct-21,324.13,332.0,323.9,331.62,319.55,"34,766,000"
28-Oct-21,324.33,324.87,321.36,324.35,312.55,"26,297,900"
27-Oct-21,316,326.1,316.0,323.17,311.41,"52,588,700"
26-Oct-21,311,312.4,308.6,310.11,298.83,"28,107,300"
25-Oct-21,309.36,309.4,306.46,308.13,296.92,"17,554,500"
22-Oct-21,310.4,311.09,307.8,309.16,297.91,"17,449,300"
21-Oct-21,307.17,311.02,306.36,310.76,299.45,"16,918,100"
20-Oct-21,309.21,309.7,306.11,307.41,296.23,"16,537,100"
19-Oct-21,308.35,309.3,307.22,308.23,297.02,"17,682,100"
18-Oct-21,303.57,308.21,302.69,307.29,296.11,"22,729,300"
15-Oct-21,302.34,304.45,300.52,304.21,293.14,"25,384,800"
14-Oct-21,299.21,303.27,297.83,302.75,291.73,"27,262,900"
13-Oct-21,294.91,297.28,293.49,296.31,285.53,"23,416,300"
12-Oct-21,295.34,295.44,292.35,292.88,282.22,"17,974,100"
11-Oct-21,292.92,297.97,292.75,294.23,283.52,"19,298,600"
8-Oct-21,296.22,296.64,293.76,294.85,284.12,"17,685,700"
7-Oct-21,295.18,296.64,293.92,294.85,284.12,"20,430,500"
6-Oct-21,285.78,293.63,285.51,293.11,282.45,"28,002,600"
5-Oct-21,284.05,290.4,284.05,288.76,278.25,"24,993,000"
4-Oct-21,287.4,287.75,280.25,283.11,272.81,"31,350,700"
1-Oct-21,282.12,289.98,281.29,289.1,278.58,"30,086,300"
30-Sep-21,285.71,287.83,281.62,281.92,271.66,"32,343,600"
29-Sep-21,285.1,286.77,283.01,284,273.67,"26,353,700"
28-Sep-21,289.8,290.78,282.75,283.52,273.2,"43,186,200"
27-Sep-21,296.14,296.47,292.94,294.17,283.47,"23,571,700"
24-Sep-21,298.23,299.8,296.93,299.35,288.46,"14,999,000"
23-Sep-21,298.85,300.9,297.53,299.56,288.66,"18,604,600"
22-Sep-21,296.73,300.22,294.51,298.58,287.72,"26,626,300"
21-Sep-21,295.69,297.54,294.07,294.8,284.07,"22,364,100"
20-Sep-21,296.33,298.72,289.52,294.3,283.59,"38,278,700"
17-Sep-21,304.17,304.5,299.53,299.87,288.96,"41,372,500"
16-Sep-21,303.76,305.31,300.76,305.22,294.11,"19,550,800"
15-Sep-21,303.26,305.32,301.82,304.82,293.73,"28,356,300"
14-Sep-21,299.56,301.39,298.1,299.79,288.88,"21,853,400"
13-Sep-21,297.55,298.54,294.08,296.99,286.18,"23,652,900"
10-Sep-21,298.42,299.92,295.38,295.71,284.95,"19,633,400"
9-Sep-21,300.82,302.14,297.0,297.25,286.44,"19,927,000"
8-Sep-21,299.78,300.61,297.47,300.21,289.29,"15,046,800"
7-Sep-21,301.01,301.09,298.2,300.18,289.26,"17,180,400"
3-Sep-21,300.99,302.6,300.26,301.14,290.18,"14,747,900"
2-Sep-21,302.2,303.36,300.18,301.15,290.19,"16,285,600"
1-Sep-21,302.87,305.19,301.49,301.83,290.85,"18,983,800"
31-Aug-21,304.42,304.5,301.5,301.88,290.9,"26,285,300"
30-Aug-21,301.12,304.22,301.06,303.59,292.54,"16,348,100"
27-Aug-21,298.99,300.87,296.83,299.72,288.82,"22,605,700"
26-Aug-21,300.99,302.43,298.95,299.09,288.21,"17,666,100"
25-Aug-21,304.3,304.59,300.42,302.01,291.02,"20,006,100"
24-Aug-21,305.02,305.65,302.0,302.62,291.61,"18,175,800"
23-Aug-21,303.25,305.4,301.85,304.65,293.57,"22,830,200"
20-Aug-21,299.72,305.84,298.06,304.36,293.29,"40,817,600"
19-Aug-21,288.69,297.47,288.64,296.77,285.97,"29,850,500"
18-Aug-21,292.04,294.82,290.27,290.73,280.15,"21,813,000"
17-Aug-21,292.39,293.43,291.08,293.08,281.88,"20,075,300"
16-Aug-21,293.19,294.82,290.02,294.6,283.34,"22,507,600"
13-Aug-21,289.48,292.9,289.3,292.85,281.66,"18,249,000"
12-Aug-21,286.63,289.97,286.34,289.81,278.73,"14,561,300"
11-Aug-21,287.21,288.66,285.86,286.95,275.98,"13,955,900"
10-Aug-21,288.8,289.25,285.2,286.44,275.49,"18,616,600"
9-Aug-21,289.75,291.55,287.81,288.33,277.31,"16,117,600"
6-Aug-21,288.51,289.5,287.62,289.46,278.4,"16,589,300"
5-Aug-21,286.88,289.63,286.1,289.52,278.45,"13,900,200"
4-Aug-21,286.22,287.59,284.65,286.51,275.56,"16,191,300"
3-Aug-21,285.42,287.23,284.0,287.12,276.14,"17,879,000"
2-Aug-21,286.36,286.77,283.74,284.82,273.93,"16,267,400"
30-Jul-21,285.17,286.66,283.91,284.91,274.02,"20,944,800"
29-Jul-21,286.24,288.62,286.08,286.5,275.55,"18,168,300"
28-Jul-21,288.99,290.15,283.83,286.22,275.28,"33,566,900"
27-Jul-21,289.43,289.58,282.95,286.54,275.59,"33,604,100"
26-Jul-21,289,289.69,286.64,289.05,278,"23,176,100"
23-Jul-21,287.37,289.99,286.5,289.67,278.6,"22,768,100"
22-Jul-21,283.84,286.42,283.42,286.14,275.2,"23,384,100"
21-Jul-21,278.9,281.52,277.29,281.4,270.64,"24,364,300"
20-Jul-21,278.03,280.97,276.26,279.32,268.64,"26,259,700"
19-Jul-21,278.93,280.37,274.45,277.01,266.42,"32,935,600"
16-Jul-21,282.07,284.1,279.46,280.75,270.02,"26,186,800"
15-Jul-21,282,282.51,279.83,281.03,270.29,"22,604,200"
14-Jul-21,282.35,283.66,280.55,282.51,271.71,"23,113,700"
13-Jul-21,277.52,282.85,277.39,280.98,270.24,"26,120,100"
12-Jul-21,279.16,279.77,276.58,277.32,266.72,"18,931,700"
9-Jul-21,275.72,278.05,275.32,277.94,267.32,"23,916,700"
8-Jul-21,276.9,278.73,274.87,277.42,266.82,"24,618,600"
7-Jul-21,279.4,280.69,277.15,279.93,269.23,"23,260,000"
6-Jul-21,278.03,279.37,274.3,277.66,267.05,"31,565,600"
2-Jul-21,272.82,278.0,272.5,277.65,267.04,"26,458,000"
1-Jul-21,269.61,271.84,269.6,271.6,261.22,"16,725,300"
30-Jun-21,270.69,271.36,269.6,270.9,260.54,"21,656,500"
29-Jun-21,268.87,271.65,267.98,271.4,261.03,"19,937,800"
28-Jun-21,266.19,268.9,265.91,268.72,258.45,"19,590,000"
25-Jun-21,266.23,267.25,264.76,265.02,254.89,"25,611,100"
24-Jun-21,266.16,267.85,265.47,266.69,256.5,"21,446,900"
23-Jun-21,265.99,266.83,264.43,265.27,255.13,"19,518,700"
22-Jun-21,262.72,265.79,262.4,265.51,255.36,"24,694,100"
21-Jun-21,259.82,263.52,257.92,262.63,252.59,"26,696,100"
18-Jun-21,259.63,262.3,258.75,259.43,249.51,"37,202,200"
17-Jun-21,256.07,261.75,256.01,260.9,250.93,"27,565,500"
16-Jun-21,259.4,260.58,254.42,257.38,247.54,"27,220,000"
15-Jun-21,259.77,259.99,257.68,258.36,248.48,"18,038,900"
14-Jun-21,257.9,259.95,256.8,259.89,249.96,"19,150,500"
11-Jun-21,257.99,258.49,256.61,257.89,248.03,"18,999,700"
10-Jun-21,254.29,257.46,253.67,257.24,247.41,"24,563,600"
9-Jun-21,253.81,255.53,253.21,253.59,243.9,"17,937,600"
8-Jun-21,255.16,256.01,252.51,252.57,242.92,"22,455,000"
7-Jun-21,249.98,254.09,249.81,253.81,244.11,"23,079,200"
4-Jun-21,247.76,251.65,247.51,250.79,241.2,"25,281,100"
3-Jun-21,245.22,246.34,243.0,245.71,236.32,"25,307,700"
2-Jun-21,248.13,249.27,245.84,247.3,237.85,"19,406,700"
1-Jun-21,251.23,251.29,246.96,247.4,237.94,"23,213,300"
28-May-21,251,252.08,249.56,249.68,240.14,"18,270,200"
27-May-21,251.17,251.48,249.25,249.31,239.78,"24,426,200"
26-May-21,251.43,252.94,250.75,251.49,241.88,"17,771,600"
25-May-21,251.77,252.75,250.82,251.72,242.1,"17,704,300"
24-May-21,247.79,251.16,247.51,250.78,241.19,"21,411,500"
21-May-21,247.57,248.33,244.74,245.17,235.8,"21,863,100"
20-May-21,243.96,247.95,243.86,246.48,237.06,"21,800,700"
19-May-21,239.31,243.23,238.6,243.12,233.83,"25,739,800"
18-May-21,246.27,246.41,242.9,243.08,233.25,"20,168,000"
17-May-21,246.55,246.59,243.52,245.18,235.26,"24,970,200"
14-May-21,245.58,249.18,245.49,248.15,238.11,"23,901,100"
13-May-21,241.8,245.6,241.42,243.03,233.2,"29,624,300"
12-May-21,242.17,244.38,238.07,239,229.33,"36,684,400"
11-May-21,244.55,246.6,242.57,246.23,236.27,"33,641,600"
10-May-21,250.87,251.73,247.12,247.18,237.18,"29,299,900"
7-May-21,252.15,254.3,251.17,252.46,242.25,"27,032,900"
6-May-21,246.45,249.86,244.69,249.73,239.63,"26,491,100"
5-May-21,249.06,249.5,245.82,246.47,236.5,"21,901,300"
4-May-21,250.97,251.21,245.76,247.79,237.77,"32,756,100"
3-May-21,253.4,254.35,251.12,251.86,241.67,"19,626,600"
30-Apr-21,249.74,253.08,249.6,252.18,241.98,"30,945,100"
29-Apr-21,255.46,256.1,249.0,252.51,242.3,"40,589,000"
28-Apr-21,256.08,256.54,252.95,254.56,244.27,"46,903,100"
27-Apr-21,261.58,263.19,260.12,261.97,251.38,"31,014,200"
26-Apr-21,261.66,262.44,260.17,261.55,250.97,"19,763,300"
23-Apr-21,257.88,261.51,257.27,261.15,250.59,"21,462,600"
22-Apr-21,260.21,261.78,255.64,257.17,246.77,"25,606,200"
21-Apr-21,258.94,260.68,257.25,260.58,250.04,"24,030,400"
20-Apr-21,257.82,260.2,256.84,258.26,247.82,"19,722,900"
19-Apr-21,260.19,261.48,257.82,258.74,248.28,"23,209,300"
16-Apr-21,259.47,261.0,257.6,260.74,250.2,"24,878,600"
15-Apr-21,257.93,259.93,257.73,259.5,249.01,"25,627,500"
14-Apr-21,257.48,258.83,255.16,255.59,245.25,"23,070,900"
13-Apr-21,257.26,259.19,256.83,258.49,248.04,"23,837,500"
12-Apr-21,254.71,257.67,254.62,255.91,245.56,"27,148,700"
9-Apr-21,252.87,255.99,252.44,255.85,245.5,"24,326,800"
8-Apr-21,252.77,254.14,252.0,253.25,243.01,"23,625,200"
7-Apr-21,247.81,250.93,247.19,249.9,239.79,"22,719,800"
6-Apr-21,247.61,249.4,246.88,247.86,237.84,"22,931,900"
5-Apr-21,242.76,249.96,242.7,249.07,239,"36,910,600"
1-Apr-21,238.47,242.84,238.05,242.35,232.55,"30,338,000"
31-Mar-21,232.91,239.1,232.39,235.77,226.24,"43,623,500"
30-Mar-21,233.53,233.85,231.1,231.85,222.47,"24,792,000"
29-Mar-21,236.59,236.8,231.88,235.24,225.73,"25,227,500"
26-Mar-21,231.55,236.71,231.55,236.48,226.92,"25,479,900"
25-Mar-21,235.3,236.94,231.57,232.34,222.94,"34,061,900"
24-Mar-21,237.85,238.0,235.32,235.46,225.94,"25,620,100"
23-Mar-21,237.49,241.05,237.07,237.58,227.97,"31,638,400"
22-Mar-21,230.27,236.9,230.14,235.99,226.45,"30,127,000"
19-Mar-21,231.02,232.47,229.35,230.35,221.03,"46,430,700"
18-Mar-21,232.56,234.19,230.33,230.72,221.39,"34,833,000"
17-Mar-21,236.15,238.55,233.23,237.04,227.45,"29,562,100"
16-Mar-21,236.28,240.06,235.94,237.71,228.1,"28,092,200"
15-Mar-21,234.96,235.19,231.81,234.81,225.31,"26,034,900"
12-Mar-21,234.01,235.82,233.23,235.75,226.22,"22,653,700"
11-Mar-21,234.96,239.17,234.31,237.13,227.54,"29,907,600"
10-Mar-21,237,237.0,232.04,232.42,223.02,"29,746,800"
9-Mar-21,232.88,235.38,231.67,233.78,224.33,"33,080,500"
8-Mar-21,231.37,233.37,227.13,227.39,218.19,"35,267,400"
5-Mar-21,229.52,233.27,226.46,231.6,222.23,"41,872,800"
4-Mar-21,226.74,232.49,224.26,226.73,217.56,"44,727,800"
3-Mar-21,232.16,233.58,227.26,227.56,218.36,"34,029,500"
2-Mar-21,237.01,237.3,233.45,233.87,224.41,"22,812,500"
1-Mar-21,235.9,237.47,233.15,236.94,227.36,"25,324,000"
26-Feb-21,231.53,235.37,229.54,232.38,222.98,"37,819,200"
25-Feb-21,232.08,234.59,227.88,228.99,219.73,"39,542,200"
24-Feb-21,230.01,235.2,229.0,234.55,225.06,"26,339,700"
23-Feb-21,230.33,234.83,228.73,233.27,223.84,"30,228,700"
22-Feb-21,237.42,237.93,232.4,234.51,225.03,"36,446,900"
19-Feb-21,243.75,243.86,240.18,240.97,231.23,"25,262,600"
18-Feb-21,241.8,243.93,240.86,243.79,233.93,"16,925,600"
17-Feb-21,241.32,244.31,240.94,244.2,234.32,"21,653,500"
16-Feb-21,245.03,246.13,242.92,243.7,233.31,"26,728,500"
12-Feb-21,243.93,245.3,242.73,244.99,234.54,"16,561,100"
11-Feb-21,244.78,245.15,242.15,244.49,234.06,"15,751,100"
10-Feb-21,245,245.92,240.89,242.82,232.46,"22,186,700"
9-Feb-21,241.87,244.76,241.38,243.77,233.37,"23,565,000"
8-Feb-21,243.15,243.68,240.81,242.47,232.13,"22,211,900"
5-Feb-21,242.23,243.28,240.42,242.2,231.87,"18,054,800"
4-Feb-21,242.66,243.24,240.37,242.01,231.69,"25,296,100"
3-Feb-21,239.57,245.09,239.26,243,232.64,"27,158,100"
2-Feb-21,241.3,242.31,238.69,239.51,229.3,"25,916,300"
1-Feb-21,235.06,242.5,232.43,239.65,229.43,"33,314,200"
29-Jan-21,235.99,238.02,231.35,231.96,222.07,"42,503,100"
28-Jan-21,235.61,242.64,235.09,238.93,228.74,"49,111,200"
27-Jan-21,238,240.44,230.14,232.9,222.97,"69,870,600"
26-Jan-21,231.86,234.18,230.08,232.33,222.42,"49,169,600"
25-Jan-21,229.12,229.78,224.22,229.53,219.74,"33,152,100"
22-Jan-21,227.08,230.07,225.8,225.95,216.31,"30,172,700"
21-Jan-21,224.7,226.3,222.42,224.97,215.38,"30,709,400"
20-Jan-21,217.7,225.79,217.29,224.34,214.77,"37,777,300"
19-Jan-21,213.75,216.98,212.63,216.44,207.21,"30,480,900"
15-Jan-21,213.52,214.51,212.03,212.65,203.58,"31,746,500"
14-Jan-21,215.91,217.46,212.74,213.02,203.94,"29,480,800"
13-Jan-21,214.02,216.76,213.93,216.34,207.11,"20,087,100"
12-Jan-21,216.5,217.1,213.32,214.93,205.76,"23,249,300"
11-Jan-21,218.47,218.91,216.73,217.49,208.22,"23,031,300"
8-Jan-21,218.68,220.58,217.03,219.62,210.25,"22,956,200"
7-Jan-21,214.04,219.34,213.71,218.29,208.98,"27,694,500"
6-Jan-21,212.17,216.49,211.94,212.25,203.2,"35,930,700"
5-Jan-21,217.26,218.52,215.7,217.9,208.61,"23,823,000"
4-Jan-21,222.53,223.0,214.81,217.69,208.41,"37,130,100"
31-Dec-20,221.7,223.0,219.68,222.42,212.93,"20,942,100"
30-Dec-20,225.23,225.63,221.47,221.68,212.23,"20,272,300"
29-Dec-20,226.31,227.18,223.58,224.15,214.59,"17,403,200"
28-Dec-20,224.45,226.03,223.02,224.96,215.37,"17,933,500"
24-Dec-20,221.42,223.61,221.2,222.75,213.25,"10,550,600"
23-Dec-20,223.11,223.56,220.8,221.02,211.59,"18,699,600"
22-Dec-20,222.69,225.63,221.85,223.94,214.39,"22,612,200"
21-Dec-20,217.55,224.0,217.28,222.59,213.1,"37,181,900"
18-Dec-20,218.59,219.69,216.02,218.59,209.27,"63,354,900"
17-Dec-20,219.87,220.89,217.92,219.42,210.06,"32,515,800"
16-Dec-20,214.75,220.11,214.72,219.28,209.93,"35,023,300"
15-Dec-20,215.17,215.42,212.24,214.13,205,"27,000,600"
14-Dec-20,213.1,216.21,212.88,214.2,205.07,"28,798,400"
11-Dec-20,210.05,213.32,209.11,213.26,204.17,"30,979,400"
10-Dec-20,211.77,213.08,210.36,210.52,201.54,"26,733,300"
9-Dec-20,215.16,215.23,211.21,211.8,202.77,"32,440,600"
8-Dec-20,213.97,216.95,212.89,216.01,206.8,"23,284,100"
7-Dec-20,214.37,215.54,212.99,214.29,205.15,"24,620,000"
4-Dec-20,214.22,215.38,213.18,214.36,205.22,"24,666,000"
3-Dec-20,214.61,216.38,213.65,214.24,205.1,"25,120,900"
2-Dec-20,214.88,215.47,212.8,215.37,206.19,"23,724,500"
1-Dec-20,214.51,217.32,213.35,216.21,206.99,"30,904,500"
30-Nov-20,214.1,214.76,210.84,214.07,204.94,"33,064,800"
27-Nov-20,214.85,216.27,214.04,215.23,206.05,"14,512,200"
25-Nov-20,215.11,215.29,212.46,213.87,204.75,"21,012,900"
24-Nov-20,209.59,214.25,208.86,213.86,204.74,"33,979,700"
23-Nov-20,210.95,212.29,208.16,210.11,201.15,"25,683,500"
20-Nov-20,212.2,213.29,210.0,210.39,201.42,"22,843,100"
19-Nov-20,211.38,213.03,209.93,212.42,203.36,"24,792,700"
18-Nov-20,213.65,215.17,210.93,211.08,202.08,"28,372,800"
17-Nov-20,216.1,217.68,214.08,214.46,204.78,"24,154,100"
16-Nov-20,214.87,217.74,214.52,217.23,207.42,"24,953,300"
13-Nov-20,216.36,217.42,214.16,216.51,206.74,"18,621,100"
12-Nov-20,217.21,219.11,214.46,215.44,205.71,"21,593,900"
11-Nov-20,212.39,218.04,212.2,216.55,206.77,"29,440,800"
10-Nov-20,214.5,216.5,209.72,211.01,201.48,"44,045,100"
9-Nov-20,224.44,228.12,217.88,218.39,208.53,"44,395,000"
6-Nov-20,222.26,224.36,218.03,223.72,213.62,"25,231,900"
5-Nov-20,222.04,224.12,221.15,223.29,213.21,"36,080,100"
4-Nov-20,214.02,218.32,212.42,216.39,206.62,"42,311,800"
3-Nov-20,203.89,208.12,203.12,206.43,197.11,"27,512,000"
2-Nov-20,204.29,205.28,200.12,202.33,193.2,"30,842,200"
30-Oct-20,203.5,204.29,199.62,202.47,193.33,"36,953,700"
29-Oct-20,204.07,207.36,203.37,204.72,195.48,"31,432,600"
28-Oct-20,207.67,208.84,202.1,202.68,193.53,"51,195,600"
27-Oct-20,211.59,214.67,210.33,213.25,203.62,"36,700,300"
26-Oct-20,213.85,216.34,208.1,210.08,200.6,"37,111,600"
23-Oct-20,215.03,216.28,213.16,216.23,206.47,"18,879,600"
22-Oct-20,213.93,216.06,211.7,214.89,205.19,"22,351,500"
21-Oct-20,213.12,216.92,213.12,214.8,205.1,"22,724,900"
20-Oct-20,215.8,217.37,213.09,214.65,204.96,"22,753,500"
19-Oct-20,220.42,222.3,213.72,214.22,204.55,"27,625,800"
16-Oct-20,220.15,222.29,219.32,219.66,209.74,"26,057,900"
15-Oct-20,217.1,220.36,216.01,219.66,209.74,"22,733,100"
14-Oct-20,223,224.22,219.13,220.86,210.89,"23,421,700"
13-Oct-20,222.72,225.21,220.43,222.86,212.8,"28,950,800"
12-Oct-20,218.79,223.86,216.81,221.4,211.4,"40,461,400"
9-Oct-20,211.23,215.86,211.23,215.81,206.07,"26,458,000"
8-Oct-20,210.51,211.19,208.32,210.58,201.07,"19,925,800"
7-Oct-20,207.06,210.11,206.72,209.83,200.36,"25,681,100"
6-Oct-20,208.82,210.18,204.82,205.91,196.61,"28,554,300"
5-Oct-20,207.22,210.41,206.98,210.38,200.88,"21,331,600"
2-Oct-20,208,210.99,205.54,206.19,196.88,"33,154,800"
1-Oct-20,213.49,213.99,211.32,212.46,202.87,"27,158,400"
30-Sep-20,207.73,211.98,206.54,210.33,200.83,"33,829,100"
29-Sep-20,209.35,210.07,206.81,207.26,197.9,"24,221,900"
28-Sep-20,210.88,212.57,208.06,209.44,199.98,"32,004,900"
25-Sep-20,203.55,209.04,202.54,207.82,198.44,"29,437,300"
24-Sep-20,199.85,205.57,199.2,203.19,194.02,"31,202,500"
23-Sep-20,207.9,208.1,200.03,200.59,191.53,"30,803,800"
22-Sep-20,205.06,208.1,202.08,207.42,198.06,"33,517,100"
21-Sep-20,197.19,202.71,196.38,202.54,193.4,"39,839,700"
18-Sep-20,202.8,203.65,196.25,200.39,191.34,"55,225,300"
17-Sep-20,200.05,204.33,199.96,202.91,193.75,"34,011,300"
16-Sep-20,210.62,210.65,204.64,205.05,195.79,"26,328,100"
15-Sep-20,208.42,209.78,206.93,208.78,199.35,"21,823,900"
14-Sep-20,204.24,209.2,204.03,205.41,196.14,"30,375,800"
11-Sep-20,207.2,208.63,201.24,204.03,194.82,"33,620,100"
10-Sep-20,213.4,214.74,204.11,205.37,196.1,"35,461,500"
9-Sep-20,207.6,214.84,206.7,211.29,201.75,"45,679,000"
8-Sep-20,206.5,210.03,202.2,202.66,193.51,"52,924,300"
4-Sep-20,215.1,218.36,205.19,214.25,204.58,"59,664,100"
3-Sep-20,229.27,229.31,214.96,217.3,207.49,"58,400,300"
2-Sep-20,227.97,232.86,227.35,231.65,221.19,"34,080,800"
1-Sep-20,225.51,227.45,224.43,227.27,217.01,"25,725,500"
31-Aug-20,227,228.7,224.31,225.53,215.35,"28,774,200"
28-Aug-20,228.18,230.64,226.58,228.91,218.58,"26,292,900"
27-Aug-20,222.89,231.15,219.4,226.58,216.35,"57,602,200"
26-Aug-20,217.88,222.09,217.36,221.15,211.17,"39,600,800"
25-Aug-20,213.1,216.61,213.1,216.47,206.7,"23,043,700"
24-Aug-20,214.79,215.52,212.43,213.69,204.04,"25,460,100"
21-Aug-20,213.86,216.25,212.85,213.02,203.4,"36,249,300"
20-Aug-20,209.54,215.0,208.91,214.58,204.89,"26,981,500"
19-Aug-20,211.49,212.1,209.25,209.7,200.23,"27,627,600"
18-Aug-20,210.53,212.36,209.21,211.49,201.46,"21,336,200"
17-Aug-20,209.6,211.19,208.92,210.28,200.3,"20,184,800"
14-Aug-20,208.76,209.59,207.51,208.9,198.99,"17,958,900"
13-Aug-20,209.44,211.35,208.15,208.7,198.8,"22,588,900"
12-Aug-20,205.29,210.28,204.75,209.19,199.26,"28,013,100"
11-Aug-20,207.16,207.65,203.14,203.38,193.73,"36,446,500"
10-Aug-20,211.67,211.88,206.35,208.25,198.37,"36,716,500"
7-Aug-20,214.85,215.7,210.93,212.48,202.4,"27,820,400"
6-Aug-20,212.34,216.37,211.55,216.35,206.08,"32,656,800"
5-Aug-20,214.9,215.0,211.57,212.94,202.84,"28,806,400"
4-Aug-20,214.17,214.77,210.31,213.29,203.17,"49,280,100"
3-Aug-20,211.52,217.64,210.44,216.54,206.27,"78,983,000"
31-Jul-20,204.4,205.1,199.01,205.01,195.28,"51,044,000"
30-Jul-20,201,204.46,199.57,203.9,194.23,"25,079,600"
29-Jul-20,202.5,204.65,202.01,204.06,194.38,"19,632,600"
28-Jul-20,203.61,204.7,201.74,202.02,192.43,"23,251,400"
27-Jul-20,201.47,203.97,200.86,203.85,194.18,"30,160,900"
24-Jul-20,200.42,202.86,197.51,201.3,191.75,"39,827,000"
23-Jul-20,207.19,210.92,202.15,202.54,192.93,"67,457,000"
22-Jul-20,209.2,212.3,208.39,211.75,201.7,"49,605,700"
21-Jul-20,213.66,213.94,208.03,208.75,198.85,"37,990,400"
20-Jul-20,205,212.3,203.01,211.6,201.56,"36,884,800"
17-Jul-20,204.47,205.04,201.39,202.88,193.25,"31,635,300"
16-Jul-20,205.4,205.7,202.31,203.92,194.24,"29,940,700"
15-Jul-20,209.56,211.33,205.03,208.04,198.17,"32,179,400"
14-Jul-20,206.13,208.85,202.03,208.35,198.46,"37,591,800"
13-Jul-20,214.48,215.8,206.5,207.07,197.24,"38,135,600"
10-Jul-20,213.62,214.08,211.08,213.67,203.53,"26,177,600"
9-Jul-20,216.33,216.38,211.47,214.32,204.15,"33,121,700"
8-Jul-20,210.07,213.26,208.69,212.83,202.73,"33,600,000"
7-Jul-20,210.45,214.67,207.99,208.25,198.37,"33,600,700"
6-Jul-20,208.83,211.13,208.09,210.7,200.7,"31,897,600"
2-Jul-20,205.68,208.02,205.0,206.26,196.47,"29,315,800"
1-Jul-20,203.14,206.35,201.77,204.7,194.99,"32,061,200"
30-Jun-20,197.88,204.4,197.74,203.51,193.85,"34,310,300"
29-Jun-20,195.78,198.53,193.55,198.44,189.02,"26,701,600"
26-Jun-20,199.73,199.89,194.88,196.33,187.01,"54,675,800"
25-Jun-20,197.8,200.61,195.47,200.34,190.83,"27,803,900"
24-Jun-20,201.6,203.25,196.56,197.84,188.45,"36,740,600"
23-Jun-20,202.09,203.95,201.43,201.91,192.33,"30,917,400"
22-Jun-20,195.79,200.76,195.23,200.57,191.05,"32,818,900"
19-Jun-20,198.59,199.29,194.37,195.15,185.89,"44,441,100"
18-Jun-20,194,196.49,194.0,196.32,187.01,"23,061,600"
17-Jun-20,195.03,196.32,193.69,194.24,185.02,"25,687,800"
16-Jun-20,192.89,195.58,191.46,193.57,184.39,"42,556,700"
15-Jun-20,184.58,190.82,184.01,188.94,179.98,"32,770,200"
12-Jun-20,190.54,191.72,185.18,187.74,178.83,"43,373,600"
11-Jun-20,193.13,195.76,186.07,186.27,177.43,"52,854,700"
10-Jun-20,191.13,198.52,191.01,196.84,187.5,"43,872,300"
9-Jun-20,188,190.7,187.26,189.8,180.79,"29,783,900"
8-Jun-20,185.94,188.55,184.44,188.36,179.42,"33,211,600"
5-Jun-20,182.62,187.73,182.01,187.2,178.32,"39,893,600"
4-Jun-20,184.3,185.84,182.3,182.92,174.24,"28,761,800"
3-Jun-20,184.82,185.94,183.58,185.36,176.57,"27,311,000"
2-Jun-20,184.25,185.0,181.35,184.91,176.14,"30,794,600"
1-Jun-20,182.54,183.0,181.46,182.83,174.16,"22,622,400"
29-May-20,182.73,184.27,180.41,183.25,174.56,"42,130,400"
28-May-20,180.74,184.15,180.38,181.4,172.79,"33,810,200"
27-May-20,180.2,181.99,176.6,181.81,173.18,"39,517,100"
26-May-20,186.34,186.5,181.1,181.57,172.95,"36,073,600"
22-May-20,183.19,184.46,182.54,183.51,174.8,"20,826,900"
21-May-20,185.4,186.67,183.29,183.43,174.73,"29,119,500"
20-May-20,184.81,185.85,183.94,185.66,176.85,"31,261,300"
19-May-20,185.03,186.6,183.49,183.63,174.43,"26,799,100"
18-May-20,185.75,186.2,183.96,184.91,175.65,"35,264,500"
15-May-20,179.06,187.06,177.0,183.16,173.98,"46,610,400"
14-May-20,177.54,180.69,175.68,180.53,171.49,"41,873,900"
13-May-20,182.55,184.05,176.54,179.75,170.75,"44,711,500"
12-May-20,186.8,187.04,182.3,182.51,173.37,"32,038,200"
11-May-20,183.15,187.51,182.85,186.74,177.39,"30,892,700"
8-May-20,184.98,185.0,183.36,184.68,175.43,"30,877,800"
7-May-20,184.17,184.55,182.58,183.6,174.4,"28,316,000"
6-May-20,182.08,184.2,181.63,182.54,173.4,"32,139,300"
5-May-20,180.62,183.65,179.9,180.76,171.71,"36,839,200"
4-May-20,174.49,179.0,173.8,178.84,169.88,"30,372,900"
1-May-20,175.8,178.64,174.01,174.57,165.83,"39,370,500"
30-Apr-20,180,180.4,176.23,179.21,170.23,"53,875,900"
29-Apr-20,173.22,177.68,171.88,177.43,168.54,"51,286,600"
28-Apr-20,175.59,175.67,169.39,169.81,161.3,"34,392,700"
27-Apr-20,176.59,176.9,173.3,174.05,165.33,"33,194,400"
24-Apr-20,172.06,174.56,170.71,174.55,165.81,"34,277,600"
23-Apr-20,174.11,175.06,170.91,171.42,162.83,"32,790,800"
22-Apr-20,171.39,174.0,170.82,173.52,164.83,"34,620,200"
21-Apr-20,173.5,173.67,166.11,167.82,159.41,"56,203,700"
20-Apr-20,176.63,178.75,174.99,175.06,166.29,"36,669,600"
17-Apr-20,179.5,180.0,175.87,178.6,169.65,"52,765,600"
16-Apr-20,174.3,177.28,172.9,177.04,168.17,"50,479,600"
15-Apr-20,171.2,173.57,169.24,171.88,163.27,"40,940,800"
14-Apr-20,169,173.75,168.0,173.7,165,"52,874,300"
13-Apr-20,164.35,165.57,162.3,165.51,157.22,"41,905,300"
9-Apr-20,166.36,167.37,163.33,165.14,156.87,"51,385,100"
8-Apr-20,165.67,166.67,163.5,165.13,156.86,"48,318,200"
7-Apr-20,169.59,170.0,163.26,163.49,155.3,"62,769,000"
6-Apr-20,160.32,166.5,157.58,165.27,156.99,"67,111,700"
3-Apr-20,155.1,157.38,152.19,153.83,146.12,"41,243,300"
2-Apr-20,151.86,155.48,150.36,155.26,147.48,"49,630,700"
1-Apr-20,153,157.75,150.82,152.11,144.49,"57,969,900"
31-Mar-20,159.4,164.78,156.56,157.71,149.81,"77,927,200"
30-Mar-20,152.44,160.6,150.01,160.23,152.2,"63,420,300"
27-Mar-20,151.75,154.89,149.2,149.7,142.2,"57,042,300"
26-Mar-20,148.4,156.66,148.37,156.11,148.29,"64,568,100"
25-Mar-20,148.91,154.33,144.44,146.92,139.56,"75,638,200"
24-Mar-20,143.75,149.6,141.27,148.34,140.91,"82,516,700"
23-Mar-20,137.01,140.57,132.52,135.98,129.17,"78,975,200"
20-Mar-20,146,147.1,135.86,137.35,130.47,"84,866,200"
19-Mar-20,142.77,150.15,139.0,142.71,135.56,"85,922,700"
18-Mar-20,138,146.0,135.02,140.4,133.37,"81,593,200"
17-Mar-20,140,147.5,135.0,146.57,139.23,"81,059,800"
16-Mar-20,140,149.35,135.0,135.42,128.64,"87,905,900"
13-Mar-20,147.5,161.91,140.73,158.83,150.87,"92,727,400"
12-Mar-20,145.3,153.47,138.58,139.06,132.09,"93,226,400"
11-Mar-20,157.13,157.7,151.15,153.63,145.93,"56,371,600"
10-Mar-20,158.16,161.03,152.58,160.92,152.86,"65,354,400"
9-Mar-20,151,157.75,150.0,150.62,143.07,"70,419,300"
6-Mar-20,162.61,163.11,156.0,161.57,153.48,"72,821,100"
5-Mar-20,166.05,170.87,165.69,166.27,157.94,"47,817,300"
4-Mar-20,168.49,170.7,165.62,170.55,162.01,"49,814,400"
3-Mar-20,173.8,175.0,162.26,164.51,156.27,"71,677,000"
2-Mar-20,165.31,172.92,162.31,172.79,164.13,"71,030,800"
28-Feb-20,152.41,163.71,152.0,162.01,153.89,"97,012,700"
27-Feb-20,163.32,167.03,157.98,158.18,150.26,"93,174,900"
26-Feb-20,169.71,173.26,168.21,170.17,161.65,"56,206,100"
25-Feb-20,174.2,174.84,167.65,168.07,159.65,"68,073,300"
24-Feb-20,167.77,174.55,163.23,170.89,162.33,"68,311,100"
21-Feb-20,183.17,183.5,177.25,178.59,169.64,"48,572,600"
20-Feb-20,186.95,187.25,181.1,184.42,175.18,"36,862,400"
19-Feb-20,188.06,188.18,186.47,187.28,177.9,"29,997,500"
18-Feb-20,185.61,187.7,185.5,187.23,177.37,"27,792,200"
14-Feb-20,183.25,185.41,182.65,185.35,175.59,"23,149,500"
13-Feb-20,183.08,186.23,182.87,183.71,174.03,"35,295,800"
12-Feb-20,185.58,185.85,181.85,184.71,174.98,"47,062,900"
11-Feb-20,190.65,190.7,183.5,184.44,174.72,"53,159,900"
10-Feb-20,183.58,188.84,183.25,188.7,178.76,"35,844,300"
7-Feb-20,182.85,185.63,182.48,183.89,174.2,"33,529,100"
6-Feb-20,180.97,183.82,180.06,183.63,173.96,"27,751,400"
5-Feb-20,184.03,184.2,178.41,179.9,170.42,"39,186,300"
4-Feb-20,177.14,180.64,176.31,180.12,170.63,"36,433,300"
3-Feb-20,170.43,174.5,170.4,174.38,165.19,"30,107,000"
31-Jan-20,172.21,172.4,169.58,170.23,161.26,"36,142,700"
30-Jan-20,174.05,174.05,170.79,172.78,163.68,"51,597,500"
29-Jan-20,167.84,168.75,165.69,168.04,159.19,"34,754,500"
28-Jan-20,163.78,165.76,163.07,165.46,156.74,"24,899,900"
27-Jan-20,161.15,163.38,160.2,162.28,153.73,"32,078,100"
24-Jan-20,167.51,167.53,164.45,165.04,156.35,"24,918,100"
23-Jan-20,166.19,166.8,165.27,166.72,157.94,"19,680,800"
22-Jan-20,167.4,167.49,165.68,165.7,156.97,"24,138,800"
21-Jan-20,166.68,168.19,166.43,166.5,157.73,"29,517,200"
17-Jan-20,167.42,167.47,165.43,167.1,158.3,"34,371,700"
16-Jan-20,164.35,166.24,164.03,166.17,157.42,"23,865,400"
15-Jan-20,162.62,163.94,162.57,163.18,154.58,"21,417,900"
14-Jan-20,163.39,163.6,161.72,162.13,153.59,"23,477,400"
13-Jan-20,161.76,163.31,161.26,163.28,154.68,"21,626,500"
10-Jan-20,162.82,163.22,161.18,161.34,152.84,"20,725,900"
9-Jan-20,161.84,162.22,161.03,162.09,153.55,"21,385,000"
8-Jan-20,158.93,160.8,157.95,160.09,151.66,"27,746,500"
7-Jan-20,159.32,159.67,157.32,157.58,149.28,"21,634,100"
6-Jan-20,157.08,159.1,156.51,159.03,150.65,"20,813,700"
3-Jan-20,158.32,159.95,158.06,158.62,150.26,"21,116,200"
2-Jan-20,158.78,160.73,158.33,160.62,152.16,"22,622,100"
