Date,Open,High,Low,Close ,Adj Close ,Volume
,,,,Close price adjusted for splits.,Adjusted close price adjusted for splits and dividend and/or capital gain distributions.,
19-Mar-26,304.01,308.06,302.35,307.13,307.13,"25,075,800"
18-Mar-26,309.27,312.47,306.93,307.69,307.69,"20,009,800"
17-Mar-26,305.86,311.42,305.5,310.92,310.92,"21,955,200"
16-Mar-26,304.35,306.49,303.02,305.56,305.56,"23,519,700"
13-Mar-26,307.01,307.69,300.44,302.28,302.28,"23,693,100"
12-Mar-26,306.82,308.94,301.03,303.55,303.55,"24,928,300"
11-Mar-26,306.75,311.42,305.92,308.7,308.7,"24,125,700"
10-Mar-26,306.17,309.51,305.57,307.04,307.04,"23,239,700"
9-Mar-26,0.21 Dividend ,,,,,
,Dividends on any given ex-date include regular and any special dividends,,,,,
9-Mar-26,294.36,306.8,294.08,306.36,306.36,"29,312,100"
6-Mar-26,296.09,300.53,295.18,298.52,298.31,"25,576,900"
5-Mar-26,303.04,303.3,297.99,300.88,300.67,"35,752,300"
4-Mar-26,302.89,305.47,300.75,303.13,302.92,"29,536,200"
3-Mar-26,298.59,303.94,296.71,303.58,303.37,"35,497,000"
2-Mar-26,303.23,308.49,301.3,306.52,306.3,"34,790,200"
27-Feb-26,304.14,312.37,303.8,311.76,311.54,"44,640,600"
26-Feb-26,312.64,313.14,302.35,307.38,307.16,"36,431,200"
25-Feb-26,312.06,313.64,309.44,312.9,312.68,"29,963,600"
24-Feb-26,310.52,312.27,305.93,310.9,310.68,"25,615,600"
23-Feb-26,319.05,319.52,309.87,311.49,311.27,"31,423,000"
20-Feb-26,304.32,316.5,303.9,314.98,314.76,"53,210,800"
19-Feb-26,301.82,305.47,300.04,302.85,302.64,"25,834,400"
18-Feb-26,302.09,305.38,301.25,303.33,303.12,"28,482,100"
17-Feb-26,300.04,304.44,296.25,302.02,301.81,"39,247,600"
13-Feb-26,307.73,308.63,303.71,305.72,305.5,"38,499,700"
12-Feb-26,312.09,316.24,307.2,309,308.78,"47,761,300"
11-Feb-26,318.97,321.06,309.66,310.96,310.74,"45,406,400"
10-Feb-26,320.97,321.67,314.61,318.58,318.36,"39,170,000"
9-Feb-26,320.93,327.7,317.26,324.32,324.09,"39,640,100"
6-Feb-26,327.18,330.38,319.92,322.86,322.63,"56,380,500"
5-Feb-26,312.22,332.69,306.46,331.25,331.02,"88,205,800"
4-Feb-26,342.96,343.31,328.52,333.04,332.81,"70,618,400"
3-Feb-26,347.34,349,337.47,339.71,339.47,"36,506,700"
2-Feb-26,336.22,344.83,335.63,343.69,343.45,"32,006,100"
30-Jan-26,340,340,332.29,338,337.76,"31,024,000"
29-Jan-26,340.3,342.29,326.54,338.25,338.01,"39,785,600"
28-Jan-26,336.06,337.54,331.94,336.01,335.77,"27,434,400"
27-Jan-26,335.37,337.91,333.48,334.55,334.31,"21,636,200"
26-Jan-26,327.81,335.84,327,333.26,333.03,"26,042,100"
23-Jan-26,332.49,333.69,327.45,327.93,327.7,"27,280,000"
22-Jan-26,334.45,335.15,328.75,330.54,330.31,"26,253,600"
21-Jan-26,320.92,332.48,319.35,328.38,328.15,"35,386,600"
20-Jan-26,320.87,327.73,320.43,322,321.77,"35,361,000"
16-Jan-26,334.41,334.65,327.7,330,329.77,"40,341,600"
15-Jan-26,337.65,337.69,330.74,332.78,332.55,"28,442,400"
14-Jan-26,335.06,336.52,330.48,335.84,335.6,"28,525,600"
13-Jan-26,334.95,340.49,333.62,335.97,335.73,"33,517,600"
12-Jan-26,325.8,334.04,325,331.86,331.63,"33,923,900"
9-Jan-26,327.09,330.83,325.8,328.57,328.34,"26,214,200"
8-Jan-26,328.97,330.32,321.5,325.44,325.21,"31,896,100"
7-Jan-26,314.36,326.15,314.19,321.98,321.75,"35,104,400"
6-Jan-26,316.4,320.94,311.78,314.34,314.12,"31,212,100"
5-Jan-26,317.66,319.02,314.63,316.54,316.32,"30,195,600"
2-Jan-26,316.9,322.5,310.33,315.15,314.93,"32,009,400"
31-Dec-25,312.85,314.58,311.44,313,312.78,"16,377,700"
30-Dec-25,312.5,316.95,312.46,313.85,313.63,"17,380,900"
29-Dec-25,311.37,314.02,310.62,313.56,313.34,"19,621,800"
26-Dec-25,314.48,315.09,312.28,313.51,313.29,"10,899,000"
24-Dec-25,314.77,315.08,311.92,314.09,313.87,"10,097,400"
23-Dec-25,309.63,314.94,309.32,314.35,314.13,"25,478,700"
22-Dec-25,309.88,310.13,305.3,309.78,309.56,"26,429,900"
19-Dec-25,301.73,307.25,300.97,307.16,306.94,"59,943,200"
18-Dec-25,301.72,303.96,299.23,302.46,302.25,"33,518,000"
17-Dec-25,308.01,308.09,296.12,296.72,296.51,"43,930,400"
16-Dec-25,304.95,310.77,302.59,306.57,306.35,"30,585,000"
15-Dec-25,311.32,311.42,304.88,308.22,308,"29,151,900"
12-Dec-25,313.7,314.87,305.56,309.29,309.07,"35,940,200"
11-Dec-25,320.08,321.12,308.6,312.43,312.21,"42,353,700"
10-Dec-25,315.83,321.31,314.68,320.21,319.98,"33,428,900"
9-Dec-25,312.37,317.99,311.9,317.08,316.86,"30,194,000"
8-Dec-25,0.21 Dividend ,,,,,
,Dividends on any given ex-date include regular and any special dividends,,,,,
8-Dec-25,320.05,320.44,311.22,313.72,313.5,"33,909,400"
5-Dec-25,319.49,323.16,319.17,321.27,320.83,"28,851,700"
4-Dec-25,322.23,322.36,314.7,317.62,317.19,"31,240,900"
3-Dec-25,315.89,321.58,314.1,319.63,319.2,"41,838,300"
2-Dec-25,316.74,318.38,313.91,315.81,315.38,"35,854,700"
1-Dec-25,317.7,319.85,313.89,314.89,314.46,"41,183,000"
28-Nov-25,323.37,326.85,316.79,320.18,319.75,"26,018,600"
26-Nov-25,320.68,324.5,316.79,319.95,319.52,"51,373,400"
25-Nov-25,326.21,328.83,317.65,323.44,323,"88,632,100"
24-Nov-25,311.13,319.48,309.6,318.58,318.15,"85,165,100"
21-Nov-25,296.42,303.92,293.85,299.66,299.25,"74,137,700"
20-Nov-25,304.54,306.42,288.67,289.45,289.06,"62,025,200"
19-Nov-25,287.16,303.81,286.63,292.81,292.41,"68,198,900"
18-Nov-25,287.92,288.8,278.2,284.28,283.89,"49,158,700"
17-Nov-25,285.78,293.95,283.57,285.02,284.63,"52,670,200"
14-Nov-25,271.41,278.56,270.7,276.41,276.04,"31,647,200"
13-Nov-25,282.34,282.84,277.24,278.57,278.19,"29,494,000"
12-Nov-25,291.68,292.01,283.69,286.71,286.32,"24,829,900"
11-Nov-25,287.75,291.92,287.32,291.31,290.91,"19,842,100"
10-Nov-25,284.42,290.8,282.86,290.1,289.71,"29,557,300"
7-Nov-25,283.21,283.78,275.19,278.83,278.45,"34,479,600"
6-Nov-25,285.33,288.35,281.14,284.75,284.36,"37,173,600"
5-Nov-25,278.87,286.42,277.34,284.31,283.92,"31,010,300"
4-Nov-25,276.75,281.27,276.26,277.54,277.16,"30,078,400"
3-Nov-25,282.18,285.53,279.8,283.72,283.34,"29,786,000"
31-Oct-25,283.21,286,277.03,281.19,280.81,"39,267,900"
30-Oct-25,291.59,291.59,280.06,281.48,281.1,"74,876,000"
29-Oct-25,267.75,275.34,267.67,274.57,274.2,"43,580,300"
28-Oct-25,269.69,270.73,266.5,267.47,267.11,"29,738,600"
27-Oct-25,264.82,270.14,264.28,269.27,268.9,"35,235,200"
24-Oct-25,256.58,261.68,255.32,259.92,259.57,"28,655,100"
23-Oct-25,252.98,255.04,251.85,253.08,252.74,"19,901,400"
22-Oct-25,254.37,256.36,249.29,251.69,251.35,"35,029,400"
21-Oct-25,254.74,254.88,244.15,250.46,250.12,"47,312,100"
20-Oct-25,254.69,257.33,254.23,256.55,256.2,"22,350,200"
17-Oct-25,250.76,254.22,247.81,253.3,252.96,"29,671,600"
16-Oct-25,251.77,256.96,250.1,251.46,251.12,"27,997,200"
15-Oct-25,247.25,252.11,245.99,251.03,250.69,"27,007,700"
14-Oct-25,241.23,247.12,240.51,245.45,245.12,"22,111,600"
13-Oct-25,240.21,244.5,239.71,244.15,243.82,"24,995,000"
10-Oct-25,241.43,244.09,235.84,236.57,236.25,"33,180,300"
9-Oct-25,244.47,244.76,239.15,241.53,241.2,"27,892,100"
8-Oct-25,244.96,246.01,243.82,244.62,244.29,"21,307,100"
7-Oct-25,248.27,250.44,245.52,245.76,245.43,"23,181,300"
6-Oct-25,244.78,251.32,244.58,250.43,250.09,"28,894,700"
3-Oct-25,244.49,246.3,241.66,245.35,245.02,"30,249,600"
2-Oct-25,245.15,246.81,242.3,245.69,245.36,"25,483,300"
1-Oct-25,240.75,246.3,238.61,244.9,244.57,"31,658,200"
30-Sep-25,242.81,243.29,239.25,243.1,242.77,"34,724,300"
29-Sep-25,247.85,251.15,242.77,244.05,243.72,"32,505,800"
26-Sep-25,247.07,249.42,245.97,246.54,246.21,"18,503,200"
25-Sep-25,244.4,246.49,240.74,245.79,245.46,"31,020,400"
24-Sep-25,251.66,252.35,246.44,247.14,246.8,"28,201,000"
23-Sep-25,253.04,254.36,250.48,251.66,251.32,"26,628,000"
22-Sep-25,254.43,255.78,250.3,252.53,252.19,"32,290,500"
19-Sep-25,253.25,256,251.81,254.72,254.37,"55,571,400"
18-Sep-25,251.68,253.99,249.8,252.03,251.69,"31,239,500"
17-Sep-25,251.22,251.6,246.28,249.53,249.19,"34,108,000"
16-Sep-25,252.08,253.04,249.47,251.16,250.82,"34,109,700"
15-Sep-25,244.66,252.41,244.66,251.61,251.27,"58,383,800"
12-Sep-25,240.37,242.08,238,240.8,240.47,"26,771,600"
11-Sep-25,239.88,242.25,236.25,240.37,240.04,"30,599,300"
10-Sep-25,238.9,241.66,237.85,239.17,238.85,"35,141,100"
9-Sep-25,234.17,240.47,233.23,239.63,239.3,"38,061,000"
8-Sep-25,0.21 Dividend ,,,,,
,Dividends on any given ex-date include regular and any special dividends,,,,,
8-Sep-25,235.47,238.13,233.67,234.04,233.72,"32,474,700"
5-Sep-25,232.2,235.76,231.9,235,234.47,"46,588,900"
4-Sep-25,229.65,232.37,226.11,232.3,231.78,"51,684,200"
3-Sep-25,226.21,231.31,224.79,230.66,230.14,"103,336,100"
2-Sep-25,208.44,211.68,206.2,211.35,210.87,"47,523,000"
29-Aug-25,210.51,214.65,210.2,212.91,212.43,"39,728,400"
28-Aug-25,207.25,212.22,206.9,211.64,211.16,"32,339,300"
27-Aug-25,205.7,208.91,205.65,207.48,207.01,"23,022,900"
26-Aug-25,207.51,207.85,205.7,207.14,206.67,"28,464,100"
25-Aug-25,206.43,210.52,205.28,208.49,208.02,"29,928,900"
22-Aug-25,202.73,208.54,201.3,206.09,205.63,"42,827,000"
21-Aug-25,199.75,202.48,199.43,199.75,199.3,"19,774,600"
20-Aug-25,200.73,201.28,196.6,199.32,198.87,"28,955,500"
19-Aug-25,203.03,203.44,199.96,201.57,201.12,"24,240,200"
18-Aug-25,204.2,205.27,202.49,203.5,203.04,"18,526,600"
15-Aug-25,203.85,206.44,201.28,203.9,203.44,"34,931,400"
14-Aug-25,201.5,204.44,201.23,202.94,202.48,"25,230,400"
13-Aug-25,204.13,204.53,197.51,201.96,201.51,"28,342,900"
12-Aug-25,201.37,204.5,200.59,203.34,202.88,"30,397,900"
11-Aug-25,200.94,201.48,199.07,201,200.55,"25,832,400"
8-Aug-25,197.22,202.61,197.17,201.42,200.97,"39,161,800"
7-Aug-25,197.06,197.54,194.33,196.52,196.08,"26,321,800"
6-Aug-25,194.5,196.63,193.67,196.09,195.65,"21,562,900"
5-Aug-25,194.71,197.86,193.89,194.67,194.23,"31,602,300"
4-Aug-25,190.29,195.27,190.12,195.04,194.6,"31,547,400"
1-Aug-25,189.03,190.83,187.82,189.13,188.7,"34,832,200"
31-Jul-25,195.71,195.99,191.09,191.9,191.47,"51,329,200"
30-Jul-25,195.6,197.6,194.69,196.53,196.09,"32,445,400"
29-Jul-25,192.43,195.92,192.08,195.75,195.31,"41,389,200"
28-Jul-25,193.65,194.05,190.84,192.58,192.15,"38,139,500"
25-Jul-25,191.98,194.33,191.26,193.18,192.75,"39,785,900"
24-Jul-25,197.03,197.95,191,192.17,191.74,"74,881,700"
23-Jul-25,191.5,192.53,189.18,190.23,189.8,"58,681,900"
22-Jul-25,191.5,191.65,187.46,191.34,190.91,"44,660,200"
21-Jul-25,186.25,190.29,186.15,190.1,189.67,"45,803,100"
18-Jul-25,185.4,186.42,183.71,185.06,184.64,"34,014,500"
17-Jul-25,182.14,184.06,180.48,183.58,183.17,"31,992,600"
16-Jul-25,183.24,184.33,182.03,182.97,182.56,"33,104,200"
15-Jul-25,182.81,184.22,181.6,182,181.59,"33,448,300"
14-Jul-25,181.01,183.67,179.68,181.56,181.15,"32,536,600"
11-Jul-25,176.79,181.43,176.48,180.19,179.78,"34,282,900"
10-Jul-25,175.63,178.43,174.38,177.62,177.22,"29,252,400"
9-Jul-25,175.25,179.44,172.77,176.62,176.22,"43,025,600"
8-Jul-25,177.85,177.95,172.81,174.36,173.97,"40,442,500"
7-Jul-25,179.06,179.3,175.68,176.79,176.39,"34,175,600"
3-Jul-25,178.5,179.67,177.05,179.53,179.13,"21,689,700"
2-Jul-25,175.54,178.86,175.07,178.64,178.24,"29,128,900"
1-Jul-25,175.74,176.09,173.53,175.84,175.44,"35,904,500"
30-Jun-25,180.78,181.23,174.58,176.23,175.83,"63,378,900"
27-Jun-25,173.54,178.68,171.73,178.53,178.13,"108,140,200"
26-Jun-25,172.43,173.69,169.94,173.54,173.15,"31,796,700"
25-Jun-25,167.63,172.36,167.55,170.68,170.3,"35,479,000"
24-Jun-25,166.92,168.22,166.13,166.77,166.39,"40,524,300"
23-Jun-25,166.27,167.34,162,165.19,164.82,"57,671,000"
20-Jun-25,173.95,174.34,165.46,166.64,166.27,"75,659,900"
18-Jun-25,176.01,176.56,173.2,173.32,172.93,"28,707,500"
17-Jun-25,175.7,177.36,174.58,175.95,175.55,"24,973,000"
16-Jun-25,174.73,176.94,174.65,176.77,176.37,"27,389,200"
13-Jun-25,172.44,177.13,172.39,174.67,174.28,"27,663,100"
12-Jun-25,176.18,176.72,174.75,175.7,175.3,"20,941,900"
11-Jun-25,179.77,180.37,176.75,177.35,176.95,"31,646,800"
10-Jun-25,176.2,181.11,174.91,178.6,178.2,"61,766,100"
9-Jun-25,0.21 Dividend ,,,,,
,Dividends on any given ex-date include regular and any special dividends,,,,,
9-Jun-25,174.54,176.47,174.37,176.09,175.69,"28,935,900"
6-Jun-25,170.83,174.5,170.83,173.68,173.08,"35,731,800"
5-Jun-25,170.34,170.93,167.59,168.21,167.63,"36,379,100"
4-Jun-25,166.74,168.22,166.36,168.05,167.47,"26,900,800"
3-Jun-25,167.49,168.48,165.28,166.18,165.61,"45,084,900"
2-Jun-25,167.84,169.87,167.39,169.03,168.45,"38,612,300"
30-May-25,171.35,172.21,167.44,171.74,171.15,"52,639,900"
29-May-25,174,174.42,170.63,171.86,171.27,"29,317,300"
28-May-25,173.16,175.27,171.91,172.36,171.76,"34,784,000"
27-May-25,170.16,173.17,170,172.9,172.3,"37,995,700"
23-May-25,169.06,169.96,167.89,168.47,167.89,"35,211,400"
22-May-25,171.85,176.77,170.71,170.87,170.28,"74,864,400"
21-May-25,163.69,173.14,163.56,168.56,167.98,"73,416,000"
20-May-25,166.43,168.5,162.9,163.98,163.41,"46,607,700"
19-May-25,164.51,166.64,164.22,166.54,165.96,"30,426,100"
16-May-25,167.73,169.35,165.62,166.19,165.62,"42,846,900"
15-May-25,165.84,166.21,162.37,163.96,163.39,"33,146,700"
14-May-25,159.96,167,159.61,165.37,164.8,"48,755,900"
13-May-25,158.79,160.57,156.16,159.53,158.98,"42,382,100"
12-May-25,157.49,159.1,156.25,158.46,157.91,"44,138,800"
9-May-25,154.17,155.05,152.2,152.75,152.22,"32,435,300"
8-May-25,155,155.93,152.9,154.28,153.75,"57,498,700"
7-May-25,164.08,165,147.84,151.38,150.86,"127,490,100"
6-May-25,162.17,164.8,161.19,163.23,162.67,"21,277,200"
5-May-25,163,165.39,162.72,164.21,163.64,"21,341,800"
2-May-25,163.41,164.97,161.87,164.03,163.46,"25,715,000"
1-May-25,160.45,161.95,158.91,161.3,160.74,"30,203,200"
30-Apr-25,157.98,159.27,155.4,158.8,158.25,"34,981,100"
29-Apr-25,160.32,160.74,157.52,160.16,159.61,"26,809,000"
28-Apr-25,162.43,163.15,158.6,160.61,160.06,"29,745,800"
25-Apr-25,165.07,166.1,161.04,161.96,161.4,"56,034,000"
24-Apr-25,156.15,159.59,155.79,159.28,158.73,"45,894,000"
23-Apr-25,155.61,157.53,153.81,155.35,154.81,"31,128,800"
22-Apr-25,148.89,152.19,148.54,151.47,150.95,"26,971,800"
21-Apr-25,148.88,148.95,146.1,147.67,147.16,"26,049,100"
17-Apr-25,154.29,154.68,148.5,151.16,150.64,"33,046,600"
16-Apr-25,153.1,155.89,151.51,153.33,152.8,"28,187,400"
15-Apr-25,159.13,159.65,155.21,156.31,155.77,"27,551,500"
14-Apr-25,160,161.72,157.56,159.07,158.52,"30,333,000"
11-Apr-25,152.9,157.67,152.82,157.14,156.6,"33,636,200"
10-Apr-25,156.54,157.72,149.93,152.82,152.29,"48,022,000"
9-Apr-25,144.42,159.55,143.91,158.71,158.16,"70,406,200"
8-Apr-25,151.22,152.24,143.03,144.7,144.2,"52,200,200"
7-Apr-25,141.55,152.85,140.53,146.75,146.24,"76,794,100"
4-Apr-25,148.01,151.07,145.38,145.6,145.1,"62,259,500"
3-Apr-25,151.11,152.78,150.39,150.72,150.2,"46,883,400"
2-Apr-25,155.15,158.41,154.7,157.04,156.5,"25,041,700"
1-Apr-25,153.62,158.1,153.62,157.07,156.53,"30,672,900"
31-Mar-25,153.11,155.54,150.66,154.64,154.11,"54,603,500"
28-Mar-25,160.49,161.82,153.63,154.33,153.8,"48,669,300"
27-Mar-25,164.63,165.42,162,162.24,161.68,"24,508,300"
26-Mar-25,169,169.61,164.84,165.06,164.49,"28,901,600"
25-Mar-25,168.98,170.63,168.32,170.56,169.97,"24,174,400"
24-Mar-25,167.07,168.32,165.14,167.68,167.1,"30,879,100"
21-Mar-25,161.21,164.24,160.89,163.99,163.42,"36,625,800"
20-Mar-25,161.57,164.89,160.96,162.8,162.24,"28,138,500"
19-Mar-25,161.76,165.87,161,163.89,163.32,"34,275,600"
18-Mar-25,163.68,164.25,156.72,160.67,160.11,"42,074,800"
17-Mar-25,165.03,166.3,163.67,164.29,163.72,"31,184,300"
14-Mar-25,163.27,166.49,162.45,165.49,164.92,"31,995,900"
13-Mar-25,166.04,166.13,162.11,162.76,162.2,"31,756,200"
12-Mar-25,166.58,167.64,163.53,167.11,166.53,"28,372,400"
11-Mar-25,164.91,166.75,161.37,164.04,163.47,"39,587,400"
10-Mar-25,0.2 Dividend ,,,,,
,Dividends on any given ex-date include regular and any special dividends,,,,,
10-Mar-25,168.26,168.46,163.69,165.87,165.3,"43,604,000"
7-Mar-25,171.26,174.97,170.27,173.86,173.06,"27,385,800"
6-Mar-25,170.53,174.81,170.5,172.35,171.56,"28,302,000"
5-Mar-25,170.52,173.78,169.06,173.02,172.22,"30,954,900"
4-Mar-25,166.24,173.29,165.8,170.92,170.13,"45,388,000"
3-Mar-25,171.93,173.37,165.93,167.01,166.24,"40,770,500"
28-Feb-25,168.68,170.61,166.77,170.28,169.5,"48,130,600"
27-Feb-25,173.99,174.56,167.94,168.5,167.72,"39,991,000"
26-Feb-25,175.07,176.08,171.58,172.73,171.94,"35,431,300"
25-Feb-25,178.04,178.74,174.69,175.42,174.61,"41,913,400"
24-Feb-25,181.99,183.12,178.89,179.25,178.43,"29,854,200"
21-Feb-25,185.15,185.34,179.08,179.66,178.83,"35,199,200"
20-Feb-25,184.8,185.31,182.72,184.56,183.71,"20,441,500"
19-Feb-25,184.07,185.46,183.59,185.27,184.42,"19,549,400"
18-Feb-25,185.6,185.96,181.74,183.77,182.92,"29,916,700"
14-Feb-25,185.06,186.4,184.32,185.23,184.38,"20,448,400"
13-Feb-25,184.32,186.28,183.14,186.14,185.28,"21,402,500"
12-Feb-25,183.22,185.11,181.83,183.61,182.77,"22,072,600"
11-Feb-25,185.03,186.94,184.28,185.32,184.47,"21,239,500"
10-Feb-25,187.35,188.2,185.86,186.47,185.61,"23,105,600"
7-Feb-25,191.05,191.18,183.24,185.34,184.49,"49,315,000"
6-Feb-25,189.5,192.1,188.72,191.6,190.72,"29,297,400"
5-Feb-25,191.07,192.75,188.03,191.33,190.45,"70,373,900"
4-Feb-25,203.39,207.05,202.81,206.38,205.43,"43,856,400"
3-Feb-25,200.69,203.75,200.1,201.23,200.3,"27,838,300"
31-Jan-25,202,205.48,201.8,204.02,203.08,"32,001,100"
30-Jan-25,198,201.4,197.67,200.87,199.95,"24,354,700"
29-Jan-25,195.56,196.79,193.43,195.41,194.51,"18,218,300"
28-Jan-25,192.75,195.48,190.68,195.3,194.4,"24,157,900"
27-Jan-25,192.41,196.88,190.73,191.81,190.93,"41,728,900"
24-Jan-25,198.1,200.9,198,200.21,199.29,"23,877,500"
23-Jan-25,198.14,200.3,195.2,197.98,197.07,"26,951,400"
22-Jan-25,199.06,200.48,197.53,198.37,197.46,"26,200,600"
21-Jan-25,199.07,202.29,197.87,198.05,197.14,"29,971,300"
17-Jan-25,196.53,197.23,193.75,196,195.1,"27,735,100"
16-Jan-25,194.14,195.48,192.81,192.91,192.02,"17,815,400"
15-Jan-25,193.09,196.36,191.86,195.55,194.65,"21,776,000"
14-Jan-25,191.24,191.98,188.31,189.66,188.79,"17,174,900"
13-Jan-25,190.07,191.18,187.36,191.01,190.13,"21,823,700"
10-Jan-25,194.3,196.52,190.31,192.04,191.16,"26,665,200"
8-Jan-25,192.57,196.29,192.38,193.95,193.06,"24,864,800"
7-Jan-25,197.11,201,194.6,195.49,194.59,"26,487,200"
6-Jan-25,193.98,198.22,193.85,196.87,195.96,"29,563,600"
3-Jan-25,191.37,193.21,189.98,191.79,190.91,"18,596,200"
2-Jan-25,190.65,192,187.5,189.43,188.56,"20,370,800"
31-Dec-24,191.08,191.96,188.51,189.3,188.43,"17,466,900"
30-Dec-24,189.8,192.55,189.12,191.24,190.36,"14,264,700"
27-Dec-24,194.95,195.32,190.65,192.76,191.87,"18,891,400"
26-Dec-24,195.15,196.75,194.38,195.6,194.7,"12,046,600"
24-Dec-24,194.84,196.11,193.78,196.11,195.21,"10,403,300"
23-Dec-24,192.62,195.1,190.15,194.63,193.73,"25,675,000"
20-Dec-24,185.78,192.89,185.22,191.41,190.53,"63,462,900"
19-Dec-24,191.63,193.03,188.38,188.51,187.64,"32,265,200"
18-Dec-24,195.22,197,187.74,188.4,187.53,"34,166,100"
17-Dec-24,197.25,201.42,194.98,195.42,194.52,"43,504,000"
16-Dec-24,192.87,199,192.62,196.66,195.76,"44,934,900"
13-Dec-24,191.01,192.73,189.64,189.82,188.95,"25,143,500"
12-Dec-24,195,195.18,191.71,191.96,191.08,"34,817,500"
11-Dec-24,185.31,195.61,184.85,195.4,194.5,"67,894,100"
10-Dec-24,182.85,186.36,181.05,185.17,184.32,"54,813,000"
9-Dec-24,0.2 Dividend ,,,,,
,Dividends on any given ex-date include regular and any special dividends,,,,,
9-Dec-24,173.96,176.26,173.65,175.37,174.56,"25,389,600"
6-Dec-24,172.03,175.08,171.86,174.71,173.71,"21,462,400"
5-Dec-24,175.36,176.06,172.33,172.64,171.65,"21,356,200"
4-Dec-24,171.15,174.91,171.06,174.37,173.37,"31,615,100"
3-Dec-24,171.49,172.68,170.85,171.34,170.36,"22,248,700"
2-Dec-24,168.77,172.08,168.57,171.49,170.51,"23,789,100"
29-Nov-24,168.5,169.43,167.16,168.95,167.98,"14,257,200"
27-Nov-24,169,169.48,168.02,169.23,168.26,"19,266,500"
26-Nov-24,167.63,169.82,167.58,169.12,168.15,"20,486,700"
25-Nov-24,166.09,168.63,165.61,167.65,166.69,"33,135,300"
22-Nov-24,165.85,166.46,163.9,164.76,163.81,"38,604,600"
21-Nov-24,173.9,174.13,163.7,167.63,166.67,"59,734,400"
20-Nov-24,177.34,177.68,173.78,175.98,174.97,"18,997,100"
19-Nov-24,173.72,178.87,173.56,178.12,177.1,"23,434,900"
18-Nov-24,173.42,175.44,172.9,175.3,174.29,"20,135,300"
15-Nov-24,173.73,174.14,171.22,172.49,171.5,"32,504,600"
14-Nov-24,178.28,178.82,174.32,175.58,174.57,"31,007,500"
13-Nov-24,180.46,180.96,178.54,178.88,177.85,"23,184,000"
12-Nov-24,179.82,182.49,179.39,181.62,180.58,"25,134,900"
11-Nov-24,178.58,180.55,178.47,180.35,179.31,"17,450,400"
8-Nov-24,180.65,180.9,178.08,178.35,177.33,"22,006,200"
7-Nov-24,177.41,181.08,177.19,180.75,179.71,"25,352,900"
6-Nov-24,173.8,176.94,173.5,176.51,175.5,"33,695,500"
5-Nov-24,169.43,170.53,168.84,169.74,168.77,"18,242,100"
4-Nov-24,169.93,170.73,168.01,169.24,168.27,"21,492,700"
1-Nov-24,170.07,172.32,168.88,171.29,170.31,"31,796,500"
31-Oct-24,173.13,176.82,171,171.11,170.13,"44,769,000"
30-Oct-24,180.68,182.02,174.06,174.46,173.46,"68,890,800"
29-Oct-24,167.73,170.38,167.09,169.68,168.71,"42,169,000"
28-Oct-24,168.75,168.75,163.95,166.72,165.76,"32,138,600"
25-Oct-24,163.67,165.59,163.42,165.27,164.32,"19,828,900"
24-Oct-24,162.83,163.33,161.01,162.72,161.79,"22,412,500"
23-Oct-24,164.76,165.82,161.93,162.78,161.85,"18,280,500"
22-Oct-24,162.98,165.77,162.98,165.14,164.19,"16,568,100"
21-Oct-24,162.95,164.5,162.62,164.07,163.13,"20,946,500"
18-Oct-24,163.19,164.71,163.08,163.42,162.48,"19,757,700"
17-Oct-24,165.73,166.37,162.76,162.93,161.99,"21,453,400"
16-Oct-24,164.53,165.8,163.74,165.16,164.21,"16,406,000"
15-Oct-24,165.79,167.68,164.63,165.46,164.51,"20,247,200"
14-Oct-24,163.64,166.23,163.4,164.96,164.01,"19,016,100"
11-Oct-24,162.13,163.9,161.24,163.24,162.3,"15,344,300"
10-Oct-24,160.87,163.07,160.4,162.08,161.15,"14,144,100"
9-Oct-24,163.45,164.84,159.74,161.86,160.93,"31,181,800"
8-Oct-24,163.94,164.73,162.87,164.38,163.44,"23,072,700"
7-Oct-24,167.72,168.48,162.75,162.98,162.04,"22,463,100"
4-Oct-24,168.06,168.23,165.48,167.06,166.1,"19,047,400"
3-Oct-24,164.41,166.64,163.92,165.86,164.91,"15,073,100"
2-Oct-24,166.42,167.52,164.73,165.86,164.91,"17,760,200"
1-Oct-24,167.69,169.16,164.58,166.99,166.03,"28,338,100"
30-Sep-24,163.32,166.15,163.26,165.85,164.9,"20,413,900"
27-Sep-24,162.81,165.7,162.63,163.95,163.01,"21,101,300"
26-Sep-24,163.64,164.08,162.28,162.73,161.8,"20,319,300"
25-Sep-24,161.47,162.81,161.3,161.49,160.56,"18,869,200"
24-Sep-24,163.03,163.22,160.69,162.29,161.36,"23,332,100"
23-Sep-24,164.35,165.49,161.67,161.85,160.92,"24,150,900"
20-Sep-24,163.5,163.73,162.06,163.59,162.65,"40,896,400"
19-Sep-24,163.71,163.79,161.34,162.14,161.21,"26,587,700"
18-Sep-24,159.86,160.5,158.6,159.81,158.89,"23,677,300"
17-Sep-24,159.02,160.55,158.38,159.32,158.41,"20,715,600"
16-Sep-24,157.31,158.25,156.6,158.06,157.15,"18,379,800"
13-Sep-24,155.43,158.38,155.21,157.46,156.56,"29,591,200"
12-Sep-24,153.8,154.82,152.65,154.69,153.8,"29,621,500"
11-Sep-24,149.92,151.5,147.52,151.16,150.29,"29,607,700"
10-Sep-24,150.45,151.27,148.34,148.66,147.81,"31,118,800"
9-Sep-24,0.2 Dividend ,,,,,
,Dividends on any given ex-date include regular and any special dividends,,,,,
9-Sep-24,152.51,153.4,147.22,148.71,147.86,"39,260,500"
6-Sep-24,157.3,157.83,150.55,150.92,149.85,"37,912,100"
5-Sep-24,156.3,159.45,155.98,157.24,156.13,"18,688,700"
4-Sep-24,156.66,159,155.96,156.45,155.35,"19,353,800"
3-Sep-24,161.72,161.85,156.48,157.36,156.25,"38,945,300"
30-Aug-24,162.62,163.66,161.69,163.38,162.23,"22,123,800"
29-Aug-24,164.31,165.97,160.25,161.78,160.64,"19,699,800"
28-Aug-24,165.04,165.6,161.53,162.85,161.7,"16,407,400"
27-Aug-24,165.84,166.44,164.46,164.68,163.52,"11,821,900"
26-Aug-24,166.38,167.55,164.46,166.16,164.99,"14,190,400"
23-Aug-24,164.72,166.18,163.83,165.62,164.45,"13,955,700"
22-Aug-24,167.26,167.59,163.31,163.8,162.64,"22,493,300"
21-Aug-24,165.15,166.85,164.67,165.85,164.68,"22,902,000"
20-Aug-24,166.9,168.64,166.82,167.18,166,"18,341,500"
19-Aug-24,165.28,166.69,164.26,166.67,165.49,"22,416,200"
16-Aug-24,161.47,165.06,161.13,162.96,161.81,"24,208,600"
15-Aug-24,160.5,161.64,159.61,161.3,160.16,"31,524,300"
14-Aug-24,162.4,163.22,157.71,160.37,159.24,"40,591,100"
13-Aug-24,163.41,164.73,162.97,164.16,163,"18,551,700"
12-Aug-24,164.35,164.9,161.84,162.29,161.14,"15,895,300"
9-Aug-24,160.01,163.79,159.06,163.67,162.51,"28,602,300"
8-Aug-24,160.51,163.69,160.21,162.03,160.89,"25,578,800"
7-Aug-24,161.25,162.98,158.47,158.94,157.82,"25,138,600"
6-Aug-24,159.33,160.57,156.41,158.29,157.17,"49,004,600"
5-Aug-24,155.5,164.43,154.93,159.25,158.13,"53,630,700"
2-Aug-24,166.44,168.51,164.67,166.66,165.48,"29,130,100"
1-Aug-24,170.25,174.05,168.88,170.76,169.55,"24,531,400"
31-Jul-24,173.24,174.25,170.01,171.54,170.33,"25,729,100"
30-Jul-24,170.24,171.23,168.44,170.29,169.09,"18,959,700"
29-Jul-24,168.83,170.43,167.99,169.53,168.33,"20,293,800"
26-Jul-24,167.15,168.09,164.06,167,165.82,"41,336,900"
25-Jul-24,172.52,173.42,167.19,167.28,166.1,"44,852,000"
24-Jul-24,173.6,176.19,171.82,172.63,171.41,"49,585,200"
23-Jul-24,182.05,183.61,181.54,181.79,180.51,"36,352,700"
22-Jul-24,180.59,182.7,180.23,181.67,180.39,"24,100,300"
19-Jul-24,178.88,180.29,177.13,177.66,176.41,"18,881,900"
18-Jul-24,181.93,182.5,176.47,177.69,176.44,"25,315,700"
17-Jul-24,182.97,183.55,179.9,181.02,179.74,"20,734,100"
16-Jul-24,187.36,188.68,183.37,183.92,182.62,"18,290,700"
15-Jul-24,184.92,188.24,184.92,186.53,185.21,"16,474,000"
12-Jul-24,185.08,187.11,184.49,185.07,183.76,"22,898,400"
11-Jul-24,189.85,190.86,185.08,185.57,184.26,"25,625,800"
10-Jul-24,189.15,191.75,189.03,191.18,189.83,"15,952,500"
9-Jul-24,190.31,191.36,188.72,188.98,187.65,"15,121,400"
8-Jul-24,189.9,190.17,187.78,189.03,187.7,"21,035,900"
5-Jul-24,185.86,190.86,185.8,190.6,189.25,"20,967,500"
3-Jul-24,184.85,186.09,184,185.82,184.51,"10,242,100"
2-Jul-24,182.05,185.57,181.56,185.24,183.93,"17,372,500"
1-Jul-24,183.03,183.88,181.3,182.99,181.7,"16,006,100"
28-Jun-24,184.32,185.13,181.96,182.15,180.86,"29,156,600"
27-Jun-24,184.18,186.05,184.02,185.41,184.1,"18,848,900"
26-Jun-24,182.63,184.51,182.48,183.88,182.58,"19,839,000"
25-Jun-24,179.62,184.29,179.42,184.03,182.73,"23,130,200"
24-Jun-24,180.16,180.89,178.67,179.22,177.95,"18,298,000"
21-Jun-24,177,180.85,176.61,179.63,178.36,"57,759,000"
20-Jun-24,175.37,177.29,174.99,176.3,175.06,"20,160,100"
18-Jun-24,177.14,177.39,174.1,175.09,173.85,"21,869,900"
17-Jun-24,175.46,178.36,174.81,177.24,175.99,"19,618,500"
14-Jun-24,174.22,177.06,174.15,176.79,175.54,"18,063,600"
13-Jun-24,176.11,176.74,174.88,175.16,173.92,"20,913,300"
12-Jun-24,178.25,180.41,176.11,177.79,176.53,"27,864,700"
11-Jun-24,176.22,176.84,173.77,176.62,175.37,"21,540,600"
10-Jun-24,0.2 Dividend ,,,,,
,Dividends on any given ex-date include regular and any special dividends,,,,,
10-Jun-24,174.97,177.06,172.76,175.01,173.77,"23,726,700"
7-Jun-24,177.05,177.87,174.3,174.46,173.03,"19,661,400"
6-Jun-24,175.9,177.15,175.75,176.73,175.28,"23,251,000"
5-Jun-24,175.2,176.65,173.93,175.41,173.97,"22,068,500"
4-Jun-24,173.28,173.85,171.89,173.79,172.37,"26,879,600"
3-Jun-24,172.54,174.53,171.16,173.17,171.75,"27,459,100"
31-May-24,171.86,173.06,169.44,172.5,171.09,"37,638,900"
30-May-24,175.2,175.22,171.79,172.11,170.7,"22,931,500"
29-May-24,175.43,176.84,174.72,175.9,174.46,"23,388,700"
28-May-24,174.45,177.27,174.37,176.4,174.95,"20,572,200"
24-May-24,174.98,175.77,173.65,174.99,173.56,"16,579,400"
23-May-24,177.07,178.25,172.95,173.55,172.13,"21,024,900"
22-May-24,176.64,177.15,175.21,176.38,174.93,"17,880,000"
21-May-24,176.9,178.15,175.81,177.85,176.39,"16,989,400"
20-May-24,176.19,178.77,176.08,176.92,175.47,"22,554,400"
17-May-24,174.18,176.27,173.69,176.06,174.62,"24,479,300"
16-May-24,173.29,175.12,172.69,174.18,172.75,"27,867,900"
15-May-24,170.63,172.65,170.51,172.51,171.1,"26,948,400"
14-May-24,169.77,171.25,168.8,170.34,168.94,"25,127,100"
13-May-24,164.26,169.28,164,169.14,167.75,"31,327,600"
10-May-24,168.03,169.85,166.19,168.65,167.27,"29,799,900"
9-May-24,169.39,170.69,168.18,169.96,168.57,"15,346,700"
8-May-24,169,170.15,168.74,169.38,167.99,"19,569,100"
7-May-24,168.5,171.76,168.39,171.25,169.85,"28,039,700"
6-May-24,167.46,168.14,166.03,168.1,166.72,"21,871,300"
3-May-24,167.56,167.96,163.05,167.24,165.87,"34,662,400"
2-May-24,164.79,166.73,163.89,166.62,165.25,"24,294,500"
1-May-24,164.3,167.12,163.09,163.86,162.52,"33,493,200"
30-Apr-24,165.61,168.1,162.6,162.78,161.45,"33,562,900"
29-Apr-24,169.06,169.55,165.21,166.15,164.79,"45,610,000"
26-Apr-24,174.37,174.71,169.65,171.95,170.54,"64,665,300"
25-Apr-24,151.33,156.49,150.87,156,154.72,"57,109,700"
24-Apr-24,157.49,159.57,157.17,159.13,157.83,"22,779,100"
23-Apr-24,156.96,158.97,156.28,158.26,156.96,"21,151,600"
22-Apr-24,154.31,157.64,154.06,156.28,155,"26,446,200"
19-Apr-24,156.2,156.36,152.3,154.09,152.83,"32,615,600"
18-Apr-24,155.34,156.94,154.62,156.01,154.73,"19,883,000"
17-Apr-24,155.62,157.08,154.58,155.47,154.2,"21,763,100"
16-Apr-24,154.19,155.65,153.43,154.4,153.13,"20,779,500"
15-Apr-24,158.86,159.24,154.59,154.86,153.59,"27,136,500"
12-Apr-24,157.96,160.22,157.14,157.73,156.44,"25,353,700"
11-Apr-24,156.91,159.68,156.46,159.41,158.1,"27,166,400"
10-Apr-24,156.21,156.61,154.68,156.14,154.86,"22,838,600"
9-Apr-24,156.09,158.56,155.19,156.6,155.32,"31,079,500"
8-Apr-24,152.78,155.27,152.61,154.85,153.58,"20,702,000"
5-Apr-24,150.03,153.42,149.6,152.5,151.25,"23,459,200"
4-Apr-24,153.5,154.77,150.45,150.53,149.3,"34,724,700"
3-Apr-24,153.6,155.08,152.73,154.92,153.65,"24,705,000"
2-Apr-24,153.5,154.7,152.15,154.56,153.29,"24,586,000"
1-Apr-24,150.69,155.74,150.61,155.49,154.22,"31,730,800"
28-Mar-24,150.85,151.43,150.17,150.93,149.69,"24,485,400"
27-Mar-24,151.18,151.64,148.9,150.87,149.63,"22,879,200"
26-Mar-24,150.22,152.26,149.98,150.67,149.43,"22,149,100"
25-Mar-24,149.94,150.38,147.82,150.07,148.84,"19,229,300"
22-Mar-24,149.12,151.58,148.98,150.77,149.53,"29,211,800"
21-Mar-24,149.47,150.37,146.9,147.6,146.39,"24,755,600"
20-Mar-24,148,148.86,146.74,148.74,147.52,"21,311,500"
19-Mar-24,148.16,148.79,146.08,147.03,145.82,"24,070,400"
18-Mar-24,148.61,152.15,147.17,147.68,146.47,"69,273,700"
15-Mar-24,142.5,143.18,140.03,141.18,140.02,"49,475,400"
14-Mar-24,141.19,143.59,140.46,143.1,141.93,"42,753,400"
13-Mar-24,139,141.09,138.99,139.79,138.64,"23,347,200"
12-Mar-24,137.03,139.38,137.03,138.5,137.36,"27,563,400"
11-Mar-24,136.13,139.1,136.13,137.67,136.54,"32,437,800"
8-Mar-24,134.21,138.09,134,135.41,134.3,"39,370,400"
7-Mar-24,132.79,134.94,131.61,134.38,133.28,"37,738,200"
6-Mar-24,133.12,133.58,130.85,131.4,130.32,"35,318,600"
5-Mar-24,131.88,133.24,130.67,132.67,131.58,"40,194,800"
4-Mar-24,135.66,135.66,131.91,133.35,132.26,"55,999,400"
1-Mar-24,138.43,138.87,136.92,137.14,136.02,"31,151,100"
29-Feb-24,137.28,138.86,136.4,138.46,137.33,"42,133,000"
28-Feb-24,137.9,138.01,135.41,136.38,135.26,"37,328,600"
27-Feb-24,138.02,139.25,137.09,138.88,137.74,"33,099,200"
26-Feb-24,142.14,142.44,137.39,137.57,136.44,"53,641,800"
23-Feb-24,143.67,144.68,143.43,143.96,142.78,"19,493,800"
22-Feb-24,144.93,145,142.8,144.09,142.91,"27,191,900"
21-Feb-24,141.45,142.69,140.68,142.55,141.38,"23,223,300"
20-Feb-24,139.66,142.08,139.49,141.12,139.96,"25,144,700"
16-Feb-24,142.99,143.19,140.14,140.52,139.37,"31,468,900"
15-Feb-24,143.14,143.52,140.46,142.77,141.6,"37,590,700"
14-Feb-24,146.08,146.52,144.09,145.94,144.74,"22,704,200"
13-Feb-24,144.92,146.67,143.69,145.14,143.95,"27,837,700"
12-Feb-24,148.42,149.34,147.37,147.53,146.32,"21,564,100"
9-Feb-24,146.68,149.44,146.18,149,147.78,"26,829,500"
8-Feb-24,145.83,146.33,145.1,145.91,144.71,"22,563,800"
7-Feb-24,144.76,145.62,143.93,145.54,144.35,"25,208,900"
6-Feb-24,144.65,145.36,143.19,144.1,142.92,"29,128,200"
5-Feb-24,142.82,145.47,142.78,143.68,142.5,"38,505,400"
2-Feb-24,139.26,142.62,136.5,142.38,141.21,"62,499,600"
1-Feb-24,142.12,143.06,140.79,141.16,140,"40,466,500"
31-Jan-24,143.62,144,139.87,140.1,138.95,"71,910,000"
30-Jan-24,152.8,153.62,151.19,151.46,150.22,"36,331,800"
29-Jan-24,152.06,153.78,151.43,153.51,152.25,"27,784,300"
26-Jan-24,151.1,152.54,151.01,152.19,150.94,"26,115,500"
25-Jan-24,150.07,153.05,149.54,151.87,150.63,"29,149,100"
24-Jan-24,148.54,149.85,148.1,148.7,147.48,"25,233,500"
23-Jan-24,145.89,147.18,145.5,147.04,145.83,"21,636,100"
22-Jan-24,147.1,148.39,145.84,145.99,144.79,"32,200,400"
19-Jan-24,144.74,146.45,144.38,146.38,145.18,"34,271,900"
18-Jan-24,142.05,144.21,141.99,143.48,142.3,"25,746,400"
17-Jan-24,141.35,141.84,138.9,141.47,140.31,"20,968,600"
16-Jan-24,142,144.35,141.45,142.49,141.32,"22,670,500"
12-Jan-24,142.67,143.2,141.82,142.65,141.48,"18,785,500"
11-Jan-24,143.49,145.22,140.64,142.08,140.92,"24,008,700"
10-Jan-24,141,143,140.91,142.28,141.11,"21,320,200"
9-Jan-24,138.5,141.49,138.15,140.95,139.79,"24,759,600"
8-Jan-24,136.29,139.01,136.26,138.84,137.7,"21,404,000"
5-Jan-24,136.75,137.16,135.15,135.73,134.62,"22,513,900"
4-Jan-24,138.42,139.16,136.35,136.39,135.27,"27,137,700"
3-Jan-24,137.25,139.63,137.08,138.92,137.78,"24,212,100"
2-Jan-24,138.55,139.45,136.48,138.17,137.04,"23,711,200"
29-Dec-23,139.63,140.36,138.78,139.69,138.54,"18,733,000"
28-Dec-23,140.78,141.14,139.75,140.23,139.08,"16,045,700"
27-Dec-23,141.59,142.08,139.89,140.37,139.22,"19,628,600"
26-Dec-23,141.59,142.68,141.19,141.52,140.36,"16,780,300"
22-Dec-23,140.77,141.99,140.71,141.49,140.33,"26,532,200"
21-Dec-23,139.49,140.69,139.18,140.42,139.27,"27,488,300"
20-Dec-23,138.97,141.7,138.07,138.34,137.21,"49,107,200"
19-Dec-23,136.84,137.47,136.08,136.65,135.53,"25,476,800"
18-Dec-23,132.63,137.15,132.43,135.8,134.69,"32,258,000"
15-Dec-23,131.62,133.51,131.18,132.6,131.51,"50,847,100"
14-Dec-23,133.38,133.72,129.69,131.94,130.86,"38,722,400"
13-Dec-23,133.38,133.5,131.57,132.57,131.48,"30,104,800"
12-Dec-23,131.81,133,131.26,132.52,131.43,"29,032,800"
11-Dec-23,132.38,133.34,131.36,133.29,132.2,"31,138,000"
8-Dec-23,134.2,136.4,134.03,134.99,133.88,"32,260,100"
7-Dec-23,135.04,138.56,134.7,136.93,135.81,"56,767,100"
6-Dec-23,131.44,131.84,129.88,130.02,128.95,"23,576,200"
5-Dec-23,128.95,132.14,128.25,130.99,129.92,"27,384,800"
4-Dec-23,129.88,130.03,127.9,129.27,128.21,"36,669,900"
1-Dec-23,131.86,132.11,130.67,131.86,130.78,"31,442,300"
30-Nov-23,135.05,135.55,131.28,132.53,131.44,"38,988,300"
29-Nov-23,137.57,138.29,134.84,134.99,133.88,"23,967,200"
28-Nov-23,136.08,137.25,135.42,137.2,136.08,"18,730,000"
27-Nov-23,136.03,138.42,136,136.41,135.29,"23,436,500"
24-Nov-23,138.03,138.13,135.99,136.69,135.57,"12,514,300"
22-Nov-23,137.47,139.42,137.47,138.49,137.35,"17,813,900"
21-Nov-23,136.29,137.18,135.96,136.97,135.85,"22,635,300"
20-Nov-23,133.69,136.66,133.62,136.25,135.13,"27,815,500"
17-Nov-23,136,136.06,133.65,135.31,134.2,"37,240,600"
16-Nov-23,135.19,137.22,134.32,136.93,135.81,"28,013,200"
15-Nov-23,134.87,135.03,133.57,134.62,133.52,"23,861,500"
14-Nov-23,134.19,135.7,133.32,133.62,132.52,"32,395,200"
13-Nov-23,131.78,132.59,131.25,132.09,131.01,"18,324,800"
10-Nov-23,130.1,132.8,129.41,132.59,131.5,"26,913,300"
9-Nov-23,131.96,132.55,130.07,130.24,129.17,"23,747,800"
8-Nov-23,130.97,132.21,130.78,131.84,130.76,"26,425,800"
7-Nov-23,130.71,131.91,129.88,130.97,129.9,"29,757,300"
6-Nov-23,129.05,130.34,128.67,130.25,129.18,"19,052,700"
3-Nov-23,128.02,129.53,127.86,129.1,128.04,"26,393,100"
2-Nov-23,128.42,128.98,126.93,127.49,126.44,"27,124,600"
1-Nov-23,124.07,126.49,123.72,126.45,125.41,"30,082,400"
31-Oct-23,125.06,125.37,122.69,124.08,123.06,"26,292,300"
30-Oct-23,123.21,125.4,122.75,124.46,123.44,"28,940,100"
27-Oct-23,122.88,123.31,120.21,122.17,121.17,"44,566,500"
26-Oct-23,123.27,124.33,121.27,122.28,121.28,"57,061,100"
25-Oct-23,128.16,128.31,125.07,125.61,124.58,"84,366,200"
24-Oct-23,137.83,139.36,137.42,138.81,137.67,"44,814,300"
23-Oct-23,135.04,137.66,133.95,136.5,135.38,"26,317,900"
20-Oct-23,137.33,137.87,135.08,135.6,134.49,"26,335,700"
19-Oct-23,138.5,139.66,137.38,137.75,136.62,"26,066,000"
18-Oct-23,139.45,140.72,137.38,137.96,136.83,"23,375,000"
17-Oct-23,138.63,139.9,137.18,139.72,138.57,"23,515,800"
16-Oct-23,138.17,139.63,137.99,139.1,137.96,"28,501,900"
13-Oct-23,139.38,140,136.62,137.36,136.23,"23,420,500"
12-Oct-23,141.05,141.22,138.26,138.97,137.83,"24,765,500"
11-Oct-23,138.58,141.11,138.58,140.55,139.4,"25,884,300"
10-Oct-23,138.5,139.72,137.33,138.06,136.93,"27,786,600"
9-Oct-23,136.94,138.94,135.61,138.42,137.29,"19,278,100"
6-Oct-23,134.01,138.16,134.01,137.58,136.45,"27,597,600"
5-Oct-23,135.07,135.49,133.45,135.07,133.96,"19,832,600"
4-Oct-23,132.79,135.57,132.53,135.24,134.13,"26,752,300"
3-Oct-23,133.94,134.26,131.84,132.43,131.34,"22,989,400"
2-Oct-23,131.21,134.42,131.17,134.17,133.07,"22,288,000"
29-Sep-23,133.28,134.05,130.36,130.86,129.79,"30,859,800"
28-Sep-23,129.84,133.3,129.79,132.31,131.23,"22,513,100"
27-Sep-23,128.57,130.9,128.57,130.54,129.47,"22,746,500"
26-Sep-23,129.77,130.36,127.22,128.57,127.52,"25,718,700"
25-Sep-23,129.83,131.17,128.96,131.11,130.04,"20,094,600"
22-Sep-23,130.76,132.03,129.6,130.25,129.18,"26,397,300"
21-Sep-23,131.44,132.23,130.07,130.44,129.37,"31,503,900"
20-Sep-23,138.08,138.08,133.62,133.74,132.64,"29,927,500"
19-Sep-23,137.42,138.41,136.62,138.04,136.91,"20,353,700"
18-Sep-23,136.61,139.16,136.61,138.21,137.08,"21,861,300"
15-Sep-23,137.98,138.52,136.48,137.4,136.27,"38,919,600"
14-Sep-23,137.6,138.7,136.24,138.1,136.97,"24,751,000"
13-Sep-23,135.09,136.9,134.15,136.71,135.59,"20,749,500"
12-Sep-23,136.26,136.87,135.19,135.34,134.23,"18,405,500"
11-Sep-23,136.54,137.48,135.79,136.92,135.8,"20,763,400"
8-Sep-23,134.91,136.66,134.85,136.38,135.26,"23,558,300"
7-Sep-23,133.59,135.58,132.95,135.26,134.15,"18,844,300"
6-Sep-23,136.02,136.53,133.67,134.46,133.36,"18,684,500"
5-Sep-23,135.44,136.42,134.58,135.77,134.66,"19,403,100"
1-Sep-23,137.46,137.46,134.85,135.66,134.55,"21,543,700"
31-Aug-23,136.01,138,135.79,136.17,135.05,"30,053,800"
30-Aug-23,134.78,136.28,134.07,135.88,134.77,"28,315,800"
29-Aug-23,132.24,136.57,132.24,134.57,133.47,"43,075,600"
28-Aug-23,131.31,132.54,130.14,131.01,129.94,"20,543,300"
25-Aug-23,129.54,130.76,127.25,129.88,128.82,"26,762,900"
24-Aug-23,133.95,134.25,129.57,129.78,128.72,"28,500,700"
23-Aug-23,130.18,133.41,129.87,132.37,131.28,"27,819,700"
22-Aug-23,128.51,130.28,128.32,129.08,128.02,"22,054,900"
21-Aug-23,127.18,128.73,126.56,128.37,127.32,"25,248,700"
18-Aug-23,128.51,129.25,126.38,127.46,126.42,"30,504,800"
17-Aug-23,129.8,131.99,129.29,129.92,128.86,"33,446,300"
16-Aug-23,128.7,130.28,127.87,128.7,127.65,"25,216,100"
15-Aug-23,131.1,131.42,129.28,129.78,128.72,"19,770,700"
14-Aug-23,129.39,131.37,128.96,131.33,130.25,"24,695,600"
11-Aug-23,128.66,129.93,128.17,129.56,128.5,"19,591,100"
10-Aug-23,131.32,132.05,129.45,129.69,128.63,"20,857,800"
9-Aug-23,131.66,132.04,129,129.66,128.6,"24,912,900"
8-Aug-23,130.62,131.51,129.54,131.4,130.32,"23,535,200"
7-Aug-23,129.16,131.61,129.02,131.53,130.45,"22,746,300"
4-Aug-23,129.28,131.51,127.91,128.11,127.06,"26,147,200"
3-Aug-23,127.97,129.39,127.42,128.45,127.4,"20,089,500"
2-Aug-23,129.45,130.09,127.56,128.38,127.33,"26,273,300"
1-Aug-23,130.78,132.63,130.68,131.55,130.47,"23,166,800"
31-Jul-23,132.73,133.53,131.78,132.72,131.63,"28,055,500"
28-Jul-23,130.78,133.74,130.57,132.58,131.49,"36,591,200"
27-Jul-23,131.67,133.24,128.79,129.4,128.34,"44,952,100"
26-Jul-23,130.07,130.98,128.32,129.27,128.21,"61,682,100"
25-Jul-23,121.36,123.15,121.02,122.21,121.21,"52,509,600"
24-Jul-23,121.66,123,120.98,121.53,120.53,"29,686,100"
21-Jul-23,120.62,120.99,118.73,120.02,119.04,"72,937,900"
20-Jul-23,121.42,124.09,118.22,119.2,118.22,"37,906,800"
19-Jul-23,124.6,125.18,121.8,122.03,121.03,"37,224,000"
18-Jul-23,124.6,124.68,122.96,123.76,122.75,"26,193,600"
17-Jul-23,125.94,127.1,124.2,124.65,123.63,"25,716,200"
14-Jul-23,124.8,126.78,123.49,125.42,124.39,"33,283,100"
13-Jul-23,120.93,124.83,120.45,124.54,123.52,"44,297,900"
12-Jul-23,118.8,120.33,118.41,118.93,117.96,"30,404,400"
11-Jul-23,116.29,117.71,115.35,117.14,116.18,"23,078,800"
10-Jul-23,118.3,118.31,116.14,116.45,115.5,"35,315,200"
7-Jul-23,120.1,121.05,119.4,119.48,118.5,"21,709,500"
6-Jul-23,119.8,120.3,118.4,120.11,119.13,"24,745,200"
5-Jul-23,119.24,122.61,119.23,121.75,120.75,"27,584,800"
3-Jul-23,119.24,120.19,118.82,119.9,118.92,"14,467,900"
30-Jun-23,120.17,121.08,119.69,119.7,118.72,"29,532,200"
29-Jun-23,119.24,120.06,118.3,119.1,118.12,"24,090,900"
28-Jun-23,117.09,120.39,116.85,120.18,119.19,"27,091,400"
27-Jun-23,117.08,119.08,116.1,118.33,117.36,"39,535,900"
26-Jun-23,120.76,122,118.27,118.34,117.37,"33,969,900"
23-Jun-23,121.38,122.79,121.06,122.34,121.34,"34,913,600"
22-Jun-23,120,123.24,118.83,123.15,122.14,"26,952,200"
21-Jun-23,122.4,122.66,120.1,120.55,119.56,"30,306,300"
20-Jun-23,122.93,124.57,122.14,123.1,122.09,"26,097,500"
16-Jun-23,125.93,126.11,123.28,123.53,122.52,"45,535,600"
15-Jun-23,123.14,125.46,122.4,125.09,124.06,"35,246,300"
14-Jun-23,123.1,124.05,121.45,123.67,122.66,"30,592,300"
13-Jun-23,124.98,125.16,123.18,123.83,122.81,"22,278,300"
12-Jun-23,122.79,124.05,121.66,123.64,122.63,"28,306,400"
9-Jun-23,122.25,123.76,121.91,122.23,121.23,"23,778,300"
8-Jun-23,122.23,123.23,121.24,122.14,121.14,"29,389,200"
7-Jun-23,126.97,129.04,122.12,122.5,121.5,"52,539,000"
6-Jun-23,126.01,128.29,125.36,127.31,126.27,"26,638,300"
5-Jun-23,124.01,127.43,123.84,126.01,124.98,"32,305,500"
2-Jun-23,123.99,126.15,123.76,124.67,123.65,"26,980,100"
1-Jun-23,122.82,124.42,122.62,123.72,122.71,"30,772,700"
31-May-23,122.75,124.06,122.5,122.87,121.86,"37,325,800"
30-May-23,125.64,125.66,122,123.67,122.66,"35,076,700"
26-May-23,123.17,125.26,122.45,124.61,123.59,"35,635,900"
25-May-23,124.52,125.32,121.96,123.48,122.47,"42,317,000"
24-May-23,121.12,121.91,119.86,120.9,119.91,"34,182,600"
23-May-23,124.16,124.63,122.21,122.56,121.56,"34,046,300"
22-May-23,122.94,126.43,122.74,125.05,124.02,"35,253,000"
19-May-23,123.55,125.97,122.15,122.76,121.75,"41,353,400"
18-May-23,120.95,123.31,120.83,122.83,121.82,"35,234,200"
17-May-23,119.61,121.67,118.89,120.84,119.85,"33,323,600"
16-May-23,116.49,120.75,116.43,119.51,118.53,"45,035,600"
15-May-23,116.11,118.48,116.01,116.51,115.55,"36,266,800"
12-May-23,116.68,118.03,116.11,117.51,116.55,"41,102,300"
11-May-23,115.4,117.92,114.41,116.57,115.61,"78,900,000"
10-May-23,107.97,112.94,107.93,111.75,110.83,"63,153,400"
9-May-23,108.39,110.15,107.19,107.35,106.47,"36,360,100"
8-May-23,105.18,107.96,105.16,107.77,106.89,"26,511,400"
5-May-23,104.82,105.88,104.11,105.57,104.7,"26,639,300"
4-May-23,105.49,105.6,103.97,104.69,103.83,"23,419,500"
3-May-23,105.53,107.49,104.96,105.41,104.55,"21,795,400"
2-May-23,107.14,107.2,103.71,105.32,104.46,"30,997,200"
1-May-23,106.84,107.99,106.82,107.2,106.32,"26,681,700"
28-Apr-23,107.04,107.35,105.09,107.34,106.46,"36,139,800"
27-Apr-23,104.45,108.37,103.54,107.59,106.71,"50,089,200"
26-Apr-23,104.92,106.35,102.63,103.71,102.86,"53,347,600"
25-Apr-23,105.83,106.69,103.84,103.85,103,"46,664,100"
24-Apr-23,105.49,106.63,104.7,105.97,105.1,"23,542,800"
21-Apr-23,105.47,106,104.78,105.41,104.55,"25,800,100"
20-Apr-23,103.91,106.25,103.87,105.29,104.43,"27,820,800"
19-Apr-23,103.58,104.98,103.07,104.18,103.33,"20,905,700"
18-Apr-23,106.49,106.54,104.07,104.5,103.64,"26,596,400"
17-Apr-23,104.66,106.16,104.52,105.97,105.1,"37,571,200"
14-Apr-23,106.89,108.94,106.84,108.87,107.98,"26,578,000"
13-Apr-23,105.84,107.49,105.84,107.43,106.55,"24,843,600"
12-Apr-23,106.58,106.75,104.34,104.64,103.78,"24,370,300"
11-Apr-23,106.55,106.73,104.68,105.35,104.49,"26,311,800"
10-Apr-23,106.98,107.59,105.12,106.44,105.57,"27,067,400"
6-Apr-23,105.26,109.17,104.33,108.42,107.53,"48,711,500"
5-Apr-23,105.78,106.1,103.66,104.47,103.61,"28,290,500"
4-Apr-23,104.33,105.58,104.04,104.72,103.86,"24,420,100"
3-Apr-23,102.39,104.53,101.93,104.36,103.5,"25,035,400"
31-Mar-23,101.3,103.89,101.04,103.73,102.88,"36,863,400"
30-Mar-23,100.91,101.16,99.78,100.89,100.06,"33,086,200"
29-Mar-23,102.28,102.49,100.65,101.39,100.56,"28,779,600"
28-Mar-23,102.44,102.45,99.74,101.03,100.2,"32,057,900"
27-Mar-23,104.62,104.76,101.93,102.46,101.62,"31,120,900"
24-Mar-23,104.99,105.49,103.84,105.44,104.58,"30,393,300"
23-Mar-23,105.06,106.3,104.46,105.6,104.73,"40,797,800"
22-Mar-23,104.27,106.59,103.33,103.37,102.52,"43,427,400"
21-Mar-23,101.25,105.1,101.22,104.92,104.06,"42,110,300"
20-Mar-23,100.12,101.75,99.87,101.22,100.39,"32,960,400"
17-Mar-23,100.26,102.84,100.1,101.62,100.79,"61,028,500"
16-Mar-23,96.2,101.19,95.5,100.32,99.5,"65,492,000"
15-Mar-23,93.22,96.93,92.64,96.11,95.32,"50,622,100"
14-Mar-23,92.56,94.36,92.44,93.97,93.2,"36,050,200"
13-Mar-23,90.09,92.57,89.42,91.11,90.36,"37,335,600"
10-Mar-23,92.17,92.79,90.4,90.63,89.89,"35,941,000"
9-Mar-23,94.05,95.53,91.9,92.32,91.56,"28,813,500"
8-Mar-23,94.12,95.96,94,94.25,93.48,"34,103,300"
7-Mar-23,94.98,95.67,93.53,93.86,93.09,"27,835,500"
6-Mar-23,94.02,95.97,94,95.13,94.35,"32,639,300"
3-Mar-23,92.48,93.73,92.45,93.65,92.88,"35,160,100"
2-Mar-23,89.66,92.28,89.59,92,91.25,"32,204,400"
1-Mar-23,89.98,91.03,89.67,90.36,89.62,"31,111,200"
28-Feb-23,89.33,91.23,89.32,90.06,89.32,"30,142,000"
27-Feb-23,89.87,90.16,89.34,89.87,89.13,"27,502,300"
24-Feb-23,89.44,89.89,88.58,89.13,88.4,"36,585,100"
23-Feb-23,91.92,91.94,89.76,90.89,90.14,"41,206,400"
22-Feb-23,91.7,92.11,90.61,91.65,90.9,"30,884,000"
21-Feb-23,93,93.1,91.72,91.79,91.04,"33,629,300"
17-Feb-23,94.85,95.56,93.21,94.35,93.58,"34,284,100"
16-Feb-23,95.37,97.68,94.74,95.51,94.73,"42,462,600"
15-Feb-23,94.49,97.12,94.15,96.94,96.15,"50,169,000"
14-Feb-23,94.43,94.85,92.26,94.68,93.9,"54,726,100"
13-Feb-23,94.74,95.2,93.84,94.61,93.83,"50,076,100"
10-Feb-23,95.45,96.75,94.25,94.57,93.79,"54,980,700"
9-Feb-23,100,100.03,93.63,95.01,94.23,"119,455,000"
8-Feb-23,102.05,103.14,98.04,99.37,98.56,"94,743,500"
7-Feb-23,103.22,108.18,103.12,107.64,106.76,"49,010,200"
6-Feb-23,102.4,104.36,101.88,102.9,102.06,"31,999,600"
3-Feb-23,102.93,107.81,102.58,104.78,103.92,"65,309,300"
2-Feb-23,105.8,107.85,105.61,107.74,106.86,"69,883,800"
1-Feb-23,98.71,101.19,97.58,100.43,99.61,"35,531,100"
31-Jan-23,96.87,98.88,96.82,98.84,98.03,"29,870,700"
30-Jan-23,97.48,98.29,96.4,96.94,96.15,"27,226,200"
27-Jan-23,97.31,100.32,97.31,99.37,98.56,"33,879,800"
26-Jan-23,96.5,97.57,95.38,97.52,96.72,"30,114,000"
25-Jan-23,95.57,96.16,93.76,95.22,94.44,"42,330,000"
24-Jan-23,98.1,99.61,97.2,97.7,96.9,"33,078,500"
23-Jan-23,97.95,100.04,97.5,99.79,98.97,"40,005,100"
20-Jan-23,95.1,98.3,95.02,98.02,97.22,"63,191,100"
19-Jan-23,90.72,93.61,90.63,93.05,92.29,"37,000,400"
18-Jan-23,92.14,92.8,90.64,91.12,90.37,"29,116,700"
17-Jan-23,92.06,92.25,90.05,91.29,90.54,"32,602,400"
13-Jan-23,90.85,92.19,90.13,92.12,91.36,"26,329,200"
12-Jan-23,91.48,91.87,89.75,91.13,90.38,"30,258,100"
11-Jan-23,89.18,91.6,89.01,91.52,90.77,"26,862,000"
10-Jan-23,85.98,88.67,85.83,88.42,87.7,"30,467,800"
9-Jan-23,88.36,90.05,87.86,88.02,87.3,"29,003,900"
6-Jan-23,86.79,87.69,84.86,87.34,86.62,"41,381,500"
5-Jan-23,87.47,87.57,85.9,86.2,85.49,"27,194,400"
4-Jan-23,90.35,90.65,87.27,88.08,87.36,"34,854,800"
3-Jan-23,89.59,91.05,88.52,89.12,88.39,"28,131,200"
30-Dec-22,86.98,88.3,86.57,88.23,87.51,"23,986,300"
29-Dec-22,86.62,88.85,86.61,88.45,87.72,"23,333,500"
28-Dec-22,86.98,88.04,85.94,86.02,85.31,"19,523,200"
27-Dec-22,88.8,88.94,87.01,87.39,86.67,"20,097,300"
23-Dec-22,87.11,89.55,87.07,89.23,88.5,"23,003,000"
22-Dec-22,88.16,88.54,86.32,87.76,87.04,"27,658,300"
21-Dec-22,89.08,90.22,88.32,89.58,88.85,"24,745,600"
20-Dec-22,88.11,89.18,87.44,89.02,88.29,"23,453,800"
19-Dec-22,90.26,90.56,88.21,88.44,87.72,"29,493,000"
16-Dec-22,90.76,91.33,89.52,90.26,89.52,"58,011,800"
15-Dec-22,93.13,93.64,90.01,90.86,90.12,"40,107,000"
14-Dec-22,95.2,96.87,93.6,95.07,94.29,"28,733,600"
13-Dec-22,97.76,99.53,95.03,95.63,94.85,"40,593,700"
12-Dec-22,92.71,93.56,91.61,93.31,92.55,"29,420,000"
9-Dec-22,93.77,94.26,92.75,92.83,92.07,"28,225,400"
8-Dec-22,95.38,95.58,93.45,93.71,92.94,"32,213,300"
7-Dec-22,96.41,96.88,94.72,94.94,94.16,"31,045,400"
6-Dec-22,99.3,99.78,96.42,96.98,96.19,"24,910,700"
5-Dec-22,99.4,101.38,99,99.48,98.66,"24,405,100"
2-Dec-22,99.05,100.77,98.9,100.44,99.62,"21,480,700"
1-Dec-22,101.02,102.25,100.25,100.99,100.16,"28,687,100"
30-Nov-22,94.82,101.04,94.42,100.99,100.16,"43,647,500"
29-Nov-22,95.73,96.12,94.11,95.19,94.41,"20,061,700"
28-Nov-22,97.04,97.58,95.61,96.05,95.26,"26,237,500"
25-Nov-22,98.24,98.64,97.4,97.46,96.66,"9,701,400"
23-Nov-22,97.09,98.76,97.09,98.46,97.65,"18,868,100"
22-Nov-22,95.95,97.22,94.05,97.05,96.25,"23,438,500"
21-Nov-22,97.29,98.4,95.36,95.6,94.82,"21,647,400"
18-Nov-22,98.77,98.9,96.37,97.43,96.63,"28,342,300"
17-Nov-22,96.97,99.28,96.79,98.36,97.55,"26,052,600"
16-Nov-22,97.9,99.64,97.64,98.85,98.04,"29,105,200"
15-Nov-22,98.26,100.14,96.71,98.44,97.63,"41,640,800"
14-Nov-22,95.09,96.79,94.51,95.7,94.92,"30,179,500"
11-Nov-22,94.69,96.93,93.92,96.41,95.62,"33,090,500"
10-Nov-22,92.25,94.39,91.61,93.94,93.17,"51,620,100"
9-Nov-22,88.45,89.44,87.28,87.32,86.6,"31,769,100"
8-Nov-22,88.9,90.32,87.59,88.9,88.17,"30,429,000"
7-Nov-22,87.28,88.9,86.85,88.49,87.76,"34,078,900"
4-Nov-22,85.4,86.64,83.71,86.58,85.87,"51,124,900"
3-Nov-22,86.32,86.52,83.34,83.43,82.75,"61,288,000"
2-Nov-22,90.94,91.18,86.88,86.97,86.26,"57,038,300"
1-Nov-22,95.45,96.03,90.37,90.47,89.73,"47,161,400"
31-Oct-22,95.42,96.03,93.98,94.51,93.74,"31,675,000"
28-Oct-22,92.27,96.55,92.13,96.29,95.5,"43,697,300"
27-Oct-22,94.52,95.43,91.8,92.22,91.46,"60,710,900"
26-Oct-22,96.43,98.31,94.69,94.93,94.15,"88,114,100"
25-Oct-22,102.9,104.82,102.72,104.48,103.62,"40,611,400"
24-Oct-22,101.8,102.75,99.98,102.52,101.68,"27,176,400"
21-Oct-22,97.85,101.31,97.72,101.13,100.3,"32,458,700"
20-Oct-22,100,102.32,99.39,99.97,99.15,"25,323,200"
19-Oct-22,100.01,101.02,98.92,99.63,98.81,"23,811,100"
18-Oct-22,103.13,103.47,99.97,100.77,99.94,"24,060,700"
17-Oct-22,98.86,100.93,98.83,99.97,99.15,"28,419,200"
14-Oct-22,99.99,100.69,96.37,96.56,95.77,"25,410,700"
13-Oct-22,95.15,99.78,94.38,99.06,98.25,"34,574,500"
12-Oct-22,97.3,98.75,96.74,97.56,96.76,"21,876,400"
11-Oct-22,97.43,99.25,96.31,97.18,96.38,"26,507,100"
10-Oct-22,99,99.1,97.01,97.86,97.06,"18,225,100"
7-Oct-22,99.85,100.53,98.3,98.68,97.87,"27,502,800"
6-Oct-22,100.68,102.93,100.59,101.42,100.59,"22,324,000"
5-Oct-22,99.83,101.93,98.8,101.43,100.6,"22,176,900"
4-Oct-22,100.44,101.84,100.38,101.64,100.81,"28,850,800"
3-Oct-22,96.76,99.29,96.52,98.64,97.83,"27,982,000"
30-Sep-22,97.05,98.9,95.56,95.65,94.87,"32,941,500"
29-Sep-22,98.64,98.64,95.96,97.42,96.62,"31,047,200"
28-Sep-22,97.65,100.7,97.11,100.05,99.23,"32,466,300"
27-Sep-22,99.43,100,96.87,97.5,96.7,"30,072,800"
26-Sep-22,98.1,99.88,97.8,98.17,97.37,"27,072,700"
23-Sep-22,99.63,99.66,97.47,98.74,97.93,"31,625,400"
22-Sep-22,98.82,101.24,98.79,100.14,99.32,"34,298,600"
21-Sep-22,101.67,102.88,99.27,99.28,98.47,"31,487,300"
20-Sep-22,102.08,102.37,100.52,101.14,100.31,"26,517,100"
19-Sep-22,101.75,103.33,101.55,103.07,102.23,"23,036,800"
16-Sep-22,102.07,103.13,100.94,102.8,101.96,"42,797,200"
15-Sep-22,104.03,105.27,102.35,102.91,102.07,"34,188,300"
14-Sep-22,104.57,105.28,103.66,105,104.14,"26,395,100"
13-Sep-22,107.8,108.3,104.09,104.32,103.46,"38,172,900"
12-Sep-22,110.99,111.62,109.93,110.86,109.95,"22,966,800"
9-Sep-22,109.07,110.99,109.02,110.65,109.74,"23,197,700"
8-Sep-22,108.04,109.6,107.16,108.38,107.49,"24,238,300"
7-Sep-22,107.06,109.98,106.9,109.45,108.55,"23,167,000"
6-Sep-22,107.3,108.03,105.78,106.81,105.93,"25,068,300"
2-Sep-22,110.59,110.74,107.26,107.85,106.97,"24,160,700"
1-Sep-22,108.28,110.45,107.36,109.74,108.84,"28,360,900"
31-Aug-22,110.65,110.85,108.13,108.22,107.33,"28,627,000"
30-Aug-22,110.17,110.5,107.8,108.94,108.05,"27,513,300"
29-Aug-22,109.99,110.95,108.8,109.42,108.52,"21,191,200"
26-Aug-22,114.72,115.12,110.19,110.34,109.44,"37,245,700"
25-Aug-22,114.24,116.72,114.11,116.65,115.69,"16,956,800"
24-Aug-22,113.5,114.78,112.87,113.69,112.76,"17,734,600"
23-Aug-22,113.48,115.01,113.43,113.86,112.93,"15,870,400"
22-Aug-22,115.2,115.63,113.85,114.24,113.3,"21,456,600"
19-Aug-22,119.06,119.15,116.76,117.21,116.25,"21,809,500"
18-Aug-22,119.43,120.82,118.72,120.17,119.18,"17,987,700"
17-Aug-22,120.12,121.29,119.38,119.55,118.57,"22,847,000"
16-Aug-22,121.52,122.43,120.64,121.7,120.7,"19,041,200"
15-Aug-22,121.13,122.3,120.61,122.08,121.08,"19,494,800"
12-Aug-22,120.26,121.68,119.46,121.68,120.68,"19,096,300"
11-Aug-22,121.28,121.49,118.56,118.84,117.87,"24,293,700"
10-Aug-22,118.78,120.92,118.41,119.7,118.72,"30,930,400"
9-Aug-22,117.14,117.32,115.71,116.63,115.67,"19,086,500"
8-Aug-22,118.39,120.15,116.88,117.3,116.34,"19,138,300"
5-Aug-22,116.23,118.11,116,117.47,116.51,"19,159,500"
4-Aug-22,117.48,118.78,116.89,118.19,117.22,"21,602,900"
3-Aug-22,115.71,118.62,115.48,118.08,117.11,"28,499,000"
2-Aug-22,114,116.35,113.72,115.13,114.19,"20,236,000"
1-Aug-22,115.3,116.72,114.34,114.86,113.92,"26,034,300"
29-Jul-22,113.08,116.71,113.06,116.32,115.37,"37,223,400"
28-Jul-22,112.37,114.34,111.46,114.22,113.28,"32,816,600"
27-Jul-22,109.26,113.91,108.01,113.06,112.13,"59,858,500"
26-Jul-22,106.6,107.2,104.07,105.02,104.16,"47,991,000"
25-Jul-22,108.41,109.87,106.3,107.51,106.63,"34,690,900"
22-Jul-22,111,112.34,106.5,107.9,107.02,"48,901,200"
21-Jul-22,114.28,114.55,111.11,114.34,113.4,"32,676,200"
20-Jul-22,113.17,115.4,112.48,113.9,112.97,"35,600,400"
19-Jul-22,110.85,114.02,109.56,113.81,112.88,"36,530,900"
18-Jul-22,20:1 Stock Splits ,,,,,
,Dividends on any given ex-date include regular and any special dividends,,,,,
18-Jul-22,112.64,113.68,108.37,109.03,108.14,"43,164,600"
15-Jul-22,112,113.14,110.9,111.78,110.86,"46,770,000"
14-Jul-22,110.21,111.09,108.37,110.37,109.46,"37,004,000"
13-Jul-22,111.7,114.2,111.2,111.35,110.44,"43,722,000"
12-Jul-22,116.21,116.97,113.69,114.02,113.09,"29,960,000"
11-Jul-22,118,118,115.33,115.68,114.73,"31,196,000"
8-Jul-22,117.25,119.68,116.9,119.35,118.38,"38,238,000"
7-Jul-22,115.08,119.19,114.83,118.78,117.81,"40,936,000"
6-Jul-22,113.3,115.59,111.48,114.57,113.63,"37,432,000"
5-Jul-22,107.1,113.38,105.73,113.26,112.33,"39,342,000"
1-Jul-22,107.93,109.25,106.73,108.74,107.85,"35,476,000"
30-Jun-22,110,110.89,106.75,108.96,108.07,"43,170,000"
29-Jun-22,111.55,113.16,110.87,111.7,110.79,"24,716,000"
28-Jun-22,115.8,117.31,111.85,112.01,111.09,"35,792,000"
27-Jun-22,118.27,118.58,115.18,115.83,114.88,"36,420,000"
24-Jun-22,113,118.08,112.95,117.97,117.01,"41,164,000"
23-Jun-22,112.23,112.74,110.5,112.24,111.32,"28,362,000"
22-Jun-22,110.56,113.35,110.38,111.49,110.57,"30,774,000"
21-Jun-22,108.93,112.49,108.6,111.54,110.63,"47,416,000"
17-Jun-22,106.03,108.7,105.05,107.14,106.27,"51,376,000"
16-Jun-22,107.22,108.65,105.14,106.03,105.16,"51,684,000"
15-Jun-22,108.54,111.42,107.67,109.76,108.86,"39,698,000"
14-Jun-22,106.54,107.92,105.8,106.72,105.84,"33,706,000"
13-Jun-22,106.79,108.79,106.12,106.39,105.52,"47,252,000"
10-Jun-22,112.44,113.28,110.37,111.16,110.25,"41,452,000"
9-Jun-22,116.33,118.3,114.78,114.84,113.89,"25,798,000"
8-Jun-22,116.76,118.57,116.6,117.19,116.23,"26,108,000"
7-Jun-22,115.48,117.69,115.05,117.15,116.19,"31,590,000"
6-Jun-22,116.7,119.35,116.16,116.82,115.86,"33,542,000"
3-Jun-22,116.06,116.32,113.52,114.54,113.6,"26,136,000"
2-Jun-22,114,117.9,112.95,117.62,116.66,"37,992,000"
1-Jun-22,114.86,117.1,113.25,113.89,112.96,"36,606,000"
31-May-22,112.75,115.74,112.08,113.76,112.83,"50,012,000"
27-May-22,109.48,112.32,109.14,112.32,111.4,"37,914,000"
26-May-22,105.68,108.65,105.22,107.79,106.91,"37,948,000"
25-May-22,104.99,106.5,103.86,105.81,104.94,"40,258,000"
24-May-22,105.77,106.46,101.88,105.97,105.1,"76,780,000"
23-May-22,109.59,112.15,108.74,111.49,110.57,"37,184,000"
20-May-22,111.95,112.18,105.8,108.91,108.02,"48,962,000"
19-May-22,111.43,113.01,110,110.38,109.48,"34,144,000"
18-May-22,115,115.4,111.56,111.9,110.98,"35,126,000"
17-May-22,116.84,116.9,114.87,116.47,115.52,"23,054,000"
16-May-22,114.96,116.17,113.89,114.44,113.51,"25,990,000"
13-May-22,114.53,117.88,113.61,116.05,115.1,"35,038,000"
12-May-22,111.38,114.29,109.82,112.84,111.92,"53,836,000"
11-May-22,113.24,116.36,113.24,113.6,112.67,"37,534,000"
10-May-22,115.51,116.25,112.9,114.39,113.46,"39,900,000"
9-May-22,113.25,115.08,112,112.51,111.59,"40,802,000"
6-May-22,115.18,117.57,114.02,115.75,114.8,"39,710,000"
5-May-22,120.2,121.04,115.01,116.51,115.55,"45,840,000"
4-May-22,117.03,122.85,115.12,122.26,121.26,"49,916,000"
3-May-22,116.43,118.44,116.03,117.33,116.37,"24,968,000"
2-May-22,113.4,116.75,112.6,116.58,115.63,"35,534,000"
29-Apr-22,116.73,117.92,113.81,114.11,113.17,"42,676,000"
28-Apr-22,116.42,119.65,114.11,118.52,117.55,"48,884,000"
27-Apr-22,114.47,117.24,112.74,114.29,113.36,"91,820,000"
26-Apr-22,122.29,122.51,118.51,118.65,117.68,"73,054,000"
25-Apr-22,119.1,123.28,118.51,123.07,122.07,"46,128,000"
22-Apr-22,125,125.4,118.93,119.64,118.65,"56,884,000"
21-Apr-22,129.25,130.1,124.53,124.81,123.79,"36,446,000"
20-Apr-22,130.89,131.4,127.5,128.04,126.99,"31,696,000"
19-Apr-22,127.69,130.33,127,130.01,128.94,"26,490,000"
18-Apr-22,127,128.21,126.18,127.68,126.63,"20,808,000"
14-Apr-22,130.48,130.48,126.6,126.73,125.69,"31,598,000"
13-Apr-22,128,130.33,127.74,129.89,128.83,"27,928,000"
12-Apr-22,131.6,131.6,126.79,127.71,126.67,"32,710,000"
11-Apr-22,131.82,132.09,128.67,128.82,127.77,"36,884,000"
8-Apr-22,135.58,135.67,132.97,133.29,132.19,"25,142,000"
7-Apr-22,136.01,137.16,134.23,135.89,134.77,"26,234,000"
6-Apr-22,138.75,139.36,135.52,136.55,135.43,"32,468,000"
5-Apr-22,142.87,142.99,140.38,140.59,139.44,"21,418,000"
4-Apr-22,140.36,143.71,140.31,142.97,141.8,"25,942,000"
1-Apr-22,139.5,140.47,138.31,140.15,139,"25,942,000"
31-Mar-22,142.05,142.11,139.02,139.07,137.93,"37,524,000"
30-Mar-22,142.46,142.72,141.6,141.94,140.77,"19,884,000"
29-Mar-22,142.65,143.79,142.04,142.51,141.34,"34,318,000"
28-Mar-22,140.9,142,139.81,141.46,140.3,"35,050,000"
25-Mar-22,141.92,142.04,139.74,141.67,140.51,"24,126,000"
24-Mar-22,139.2,141.62,137.75,141.57,140.41,"26,396,000"
23-Mar-22,138.7,139.59,137.84,138.28,137.14,"25,154,000"
22-Mar-22,136.1,141.05,136.1,139.87,138.72,"35,496,000"
21-Mar-22,136.16,137.05,134.09,136.1,134.99,"26,832,000"
18-Mar-22,133.42,136.24,132.26,136.13,135.01,"44,566,000"
17-Mar-22,133.15,134.08,132.18,133.84,132.74,"28,264,000"
16-Mar-22,130.73,133.33,128.73,133.28,132.19,"35,576,000"
15-Mar-22,126.98,129.85,125.72,129.2,128.14,"30,920,000"
14-Mar-22,130.25,130.41,125.28,125.95,124.92,"38,812,000"
11-Mar-22,133.49,133.8,129.63,129.87,128.81,"31,526,000"
10-Mar-22,131.27,133.27,130.91,132.43,131.34,"27,102,000"
9-Mar-22,131.25,133.74,129.9,133.42,132.33,"37,026,000"
8-Mar-22,126.25,131.25,125.67,127.1,126.06,"40,428,000"
7-Mar-22,131.49,131.74,126.29,126.38,125.34,"45,112,000"
4-Mar-22,132.93,133.85,130.34,131.91,130.83,"30,430,000"
3-Mar-22,136.01,136.44,133.03,133.9,132.8,"24,604,000"
2-Mar-22,134.63,135.26,133.07,134.57,133.47,"23,520,000"
1-Mar-22,134.88,136.26,133.22,134.06,132.96,"26,496,000"
28-Feb-22,133.05,135.75,132.59,135.06,133.95,"38,864,000"
25-Feb-22,133.55,135.27,131.75,134.46,133.36,"36,406,000"
24-Feb-22,124.95,133,124.95,132.69,131.6,"54,456,000"
23-Feb-22,131.65,132.05,127.53,127.59,126.54,"32,786,000"
22-Feb-22,129.84,132.18,128.22,129.81,128.75,"44,990,000"
18-Feb-22,133.47,134.07,130.2,130.4,129.33,"45,620,000"
17-Feb-22,136.24,137.11,132.48,132.54,131.45,"38,950,000"
16-Feb-22,136.65,138.09,134.92,137.74,136.61,"25,022,000"
15-Feb-22,137.57,138.11,135.82,136.61,135.49,"26,680,000"
14-Feb-22,133.26,136.3,133.26,135.53,134.42,"34,302,000"
11-Feb-22,138.6,139.16,133.4,134.28,133.18,"39,958,000"
10-Feb-22,139.7,141.48,137.96,138.62,137.48,"39,330,000"
9-Feb-22,140.96,142.52,140.19,141.59,140.43,"40,144,000"
8-Feb-22,139.03,140,137.01,139.4,138.26,"54,284,000"
7-Feb-22,144.25,144.25,138.9,139.2,138.06,"54,974,000"
4-Feb-22,143.44,144.88,140.51,143.29,142.12,"57,998,000"
3-Feb-22,145.71,149.68,142.67,143.09,141.92,"71,518,000"
2-Feb-22,151.25,151.55,145.52,148,146.79,"123,200,000"
1-Feb-22,137.59,137.79,134.37,137.64,136.52,"68,644,000"
31-Jan-22,134.16,135.47,132.21,135.3,134.19,"39,986,000"
28-Jan-22,129.66,133.36,128.49,133.35,132.26,"34,362,000"
27-Jan-22,131.3,132.65,128.93,129.01,127.95,"31,950,000"
26-Jan-22,131.12,133,127.14,129.23,128.17,"49,130,000"
25-Jan-22,128.74,129.4,126.5,126.93,125.89,"46,960,000"
24-Jan-22,125.98,131.2,124.5,130.8,129.73,"76,622,000"
21-Jan-22,132.59,134.87,130.09,130.35,129.28,"55,652,000"
20-Jan-22,136.25,137.63,132.96,133.31,132.21,"29,908,000"
19-Jan-22,136.52,137.96,135.02,135.12,134.01,"28,648,000"
18-Jan-22,136.18,137.13,135.44,136,134.88,"34,872,000"
14-Jan-22,137.08,140.74,137,139.48,138.34,"29,662,000"
13-Jan-22,141.54,142.85,138.41,138.59,137.45,"31,436,000"
12-Jan-22,141.15,142.61,140.69,141.43,140.27,"26,108,000"
11-Jan-22,138.01,140.22,136.69,139.74,138.59,"28,730,000"
10-Jan-22,135.08,138.82,133.16,138.67,137.53,"44,408,000"
7-Jan-22,138.15,138.45,135.77,137.02,135.89,"29,760,000"
6-Jan-22,137,139.94,136.56,137.75,136.62,"37,348,000"
5-Jan-22,144.42,144.5,137.69,137.77,136.65,"54,618,000"
4-Jan-22,145.4,146.49,143.72,144.4,143.22,"28,400,000"
3-Jan-22,145.05,145.85,143.71,144.99,143.8,"28,646,000"
31-Dec-21,146.05,146.7,144.85,144.85,143.66,"18,136,000"
30-Dec-21,146.69,147.3,145.99,146.2,145,"15,688,000"
29-Dec-21,146.64,147.42,145.65,146.65,145.45,"17,788,000"
28-Dec-21,148.24,148.3,146.05,146.69,145.48,"18,200,000"
27-Dec-21,147.26,148.34,147.17,147.91,146.69,"15,976,000"
23-Dec-21,146.5,148.24,146.45,146.92,145.71,"26,384,000"
22-Dec-21,143.07,146.5,143.07,146.41,145.21,"26,322,000"
21-Dec-21,142.05,143.87,140.5,143.47,142.3,"28,756,000"
20-Dec-21,140,141.77,139.32,141.61,140.45,"27,192,000"
17-Dec-21,142.5,143.83,141.3,141.73,140.56,"50,416,000"
16-Dec-21,147.17,147.68,143.61,144.45,143.26,"33,650,000"
15-Dec-21,143.41,146.72,141.68,146.44,145.24,"36,370,000"
14-Dec-21,143.97,144.48,141.21,143.91,142.73,"38,446,000"
13-Dec-21,147.78,147.97,145.52,145.83,144.63,"27,070,000"
10-Dec-21,148.7,148.98,146.7,148,146.79,"24,458,000"
9-Dec-21,147.59,149.1,147.12,147.64,146.43,"23,270,000"
8-Dec-21,147.6,148.39,146.41,148.19,146.97,"24,270,000"
7-Dec-21,145.6,147.53,145.23,147.27,146.06,"32,240,000"
6-Dec-21,143.04,143.85,140.15,143.15,141.98,"30,618,000"
3-Dec-21,143.68,144.4,140.3,142,140.84,"41,230,000"
2-Dec-21,141.25,143.86,140.21,142.97,141.79,"29,194,000"
1-Dec-21,144,145.95,140.91,141.05,139.9,"34,020,000"
30-Nov-21,145.01,146,141.6,141.9,140.73,"42,068,000"
29-Nov-21,144,146.3,143.89,145.53,144.34,"32,596,000"
26-Nov-21,144.35,144.56,141.84,142.18,141.02,"30,470,000"
24-Nov-21,145.47,146.25,144.37,146.12,144.92,"18,040,000"
23-Nov-21,146.15,146.66,144.12,145.78,144.59,"27,218,000"
22-Nov-21,149.33,149.83,146.15,146.3,145.1,"30,594,000"
19-Nov-21,149.98,150.97,148.9,148.93,147.71,"33,682,000"
18-Nov-21,148.24,150.58,147.88,149.84,148.61,"35,608,000"
17-Nov-21,148.03,148.56,147.24,148.05,146.83,"19,594,000"
16-Nov-21,148.15,148.76,147.31,147.88,146.66,"18,904,000"
15-Nov-21,148.9,149.55,147.57,148.45,147.24,"23,508,000"
12-Nov-21,146.62,148.85,145.41,148.68,147.46,"22,360,000"
11-Nov-21,146.49,147.54,145.6,145.77,144.57,"16,518,000"
10-Nov-21,147.5,148.07,144.54,145.89,144.7,"29,970,000"
9-Nov-21,149.23,149.83,147.24,148.92,147.7,"19,530,000"
8-Nov-21,149.82,150.62,148.43,149.03,147.81,"23,052,000"
5-Nov-21,149.17,150.33,148.2,148.85,147.63,"38,354,000"
4-Nov-21,147.12,149.73,146.31,148.27,147.05,"38,412,000"
3-Nov-21,145.9,146.67,144.59,146.6,145.4,"27,494,000"
2-Nov-21,144.58,146.61,144.34,145.43,144.24,"33,482,000"
1-Nov-21,148.05,148.05,143.23,143.5,142.32,"46,924,000"
29-Oct-21,145.08,148.24,144.65,148.05,146.83,"43,320,000"
28-Oct-21,147.13,147.16,144.63,145.85,144.65,"36,206,000"
27-Oct-21,139.4,148.65,139.4,146.22,145.02,"85,782,000"
26-Oct-21,139.26,140.08,138.3,139.31,138.17,"49,236,000"
25-Oct-21,137.55,138,135.42,137.45,136.32,"34,412,000"
22-Oct-21,139.15,140.58,136.06,137.57,136.44,"50,588,000"
21-Oct-21,141.77,142.16,140.5,141.89,140.72,"26,292,000"
20-Oct-21,143.34,143.55,141.38,141.77,140.61,"23,288,000"
19-Oct-21,143.39,143.66,142.6,143.24,142.06,"20,164,000"
18-Oct-21,141.08,142.8,141.07,142.78,141.61,"20,396,000"
15-Oct-21,141.61,141.72,140.76,141.37,140.21,"30,274,000"
14-Oct-21,139.47,141.34,138.82,141.15,139.99,"31,894,000"
13-Oct-21,137.4,138,136.52,137.58,136.45,"19,654,000"
12-Oct-21,139.48,139.51,135.76,136.45,135.33,"36,332,000"
11-Oct-21,139.29,140.71,138.86,138.91,137.78,"17,954,000"
8-Oct-21,139.58,140.33,139.22,139.79,138.64,"26,526,000"
7-Oct-21,138.89,140.04,138.65,139.23,138.08,"25,110,000"
6-Oct-21,134.75,137.75,134.55,137.57,136.44,"24,364,000"
5-Oct-21,134.04,137.22,134.04,136.02,134.91,"32,404,000"
4-Oct-21,135.96,135.96,131.05,133.66,132.56,"51,202,000"
1-Oct-21,134.45,136.91,134.07,136.54,135.42,"35,360,000"
30-Sep-21,134.26,135.54,133.56,133.68,132.58,"37,996,000"
29-Sep-21,136.98,137.15,133.87,134.35,133.25,"30,848,000"
28-Sep-21,138.65,139.1,135.36,135.83,134.72,"45,772,000"
27-Sep-21,140.8,141.94,140.07,141.07,139.92,"21,882,000"
24-Sep-21,140.54,142.33,140.24,142.21,141.05,"22,984,000"
23-Sep-21,140.99,141.7,140.4,141.22,140.06,"20,952,000"
22-Sep-21,139.3,140.89,138.55,140.28,139.13,"25,056,000"
21-Sep-21,139.75,140.01,138.28,139.03,137.89,"25,332,000"
20-Sep-21,138.16,139,136.32,138.72,137.58,"46,518,000"
17-Sep-21,143.03,143.45,140.47,140.8,139.65,"53,384,000"
16-Sep-21,143.95,144.3,142.4,143.61,142.43,"26,190,000"
15-Sep-21,142.77,144.45,141.35,144.43,143.25,"27,408,000"
14-Sep-21,143,143.36,141.75,142.54,141.38,"19,674,000"
13-Sep-21,141.95,142.95,141.25,142.33,141.17,"22,094,000"
10-Sep-21,144.21,144.72,140.74,140.88,139.72,"36,840,000"
9-Sep-21,143.84,144.31,143.18,143.54,142.36,"15,314,000"
8-Sep-21,144.1,144.4,143,143.69,142.51,"18,344,000"
7-Sep-21,143.83,144.57,143.62,144.28,143.1,"20,124,000"
3-Sep-21,143.08,144.15,142.4,143.74,142.56,"19,850,000"
2-Sep-21,145.22,145.52,143.18,143.29,142.11,"32,342,000"
1-Sep-21,145,146.25,144.88,145.22,144.03,"21,936,000"
31-Aug-21,145.15,145.17,144.28,144.7,143.51,"22,448,000"
30-Aug-21,144.4,145.97,144.16,144.59,143.41,"24,434,000"
27-Aug-21,141.65,144.51,141.5,144,142.82,"28,780,000"
26-Aug-21,141.75,142.42,141.36,141.44,140.28,"20,610,000"
25-Aug-21,141.63,142.19,141.38,142.08,140.91,"15,848,000"
24-Aug-21,140.61,142.08,140.34,141.26,140.1,"19,268,000"
23-Aug-21,137.97,140.87,137.61,140.04,138.89,"28,454,000"
20-Aug-21,136,137.55,135.25,137.43,136.3,"31,194,000"
19-Aug-21,134.44,136.35,134.25,135.68,134.57,"21,782,000"
18-Aug-21,136.5,137.1,135.32,135.45,134.34,"19,258,000"
17-Aug-21,137.75,138.27,136.08,136.66,135.54,"21,716,000"
16-Aug-21,137.52,138.36,135.3,138.31,137.18,"22,384,000"
13-Aug-21,137.25,137.86,137.03,137.73,136.6,"15,948,000"
12-Aug-21,135.98,137.3,135.43,137.19,136.07,"16,506,000"
11-Aug-21,137.18,137.68,136.27,136.28,135.16,"15,352,000"
10-Aug-21,137.34,137.77,136.36,136.81,135.69,"19,414,000"
9-Aug-21,135.94,137.18,135.34,136.91,135.79,"17,760,000"
6-Aug-21,136.04,136.47,135.21,135.74,134.63,"20,488,000"
5-Aug-21,135.68,136.35,134.85,136.25,135.13,"17,870,000"
4-Aug-21,135.35,135.65,134.49,135.13,134.02,"19,676,000"
3-Aug-21,135.13,135.73,133.32,135.63,134.52,"20,762,000"
2-Aug-21,135.12,135.34,133.79,134.85,133.75,"21,634,000"
30-Jul-21,135.04,135.3,134.26,134.73,133.62,"25,576,000"
29-Jul-21,136.15,136.66,135.54,135.78,134.66,"31,716,000"
28-Jul-21,136.31,138.3,135.28,136.09,134.98,"95,130,000"
27-Jul-21,134.25,134.4,130.1,131.9,130.82,"54,710,000"
26-Jul-21,133.33,134.24,132.3,134.04,132.94,"30,572,000"
23-Jul-21,130.43,133.4,129.8,133.01,131.92,"41,506,000"
22-Jul-21,127.84,128.48,127.5,128.42,127.37,"14,302,000"
21-Jul-21,126.13,127.6,126.02,127.55,126.5,"20,746,000"
20-Jul-21,125.53,127.04,124.35,126.21,125.17,"26,312,000"
19-Jul-21,126.09,126.21,123.5,124.58,123.56,"27,968,000"
16-Jul-21,127.66,127.81,126.15,126.97,125.93,"20,424,000"
15-Jul-21,128.65,128.7,126.53,127,125.96,"24,218,000"
14-Jul-21,127.96,129.33,127.91,128.24,127.19,"23,742,000"
13-Jul-21,127.04,128.06,126.67,127.34,126.3,"19,240,000"
12-Jul-21,126.18,127.07,125.61,126.98,125.93,"17,668,000"
9-Jul-21,125.03,125.73,124.55,125.52,124.49,"18,632,000"
8-Jul-21,124.03,125.6,124.02,125.04,124.02,"23,790,000"
7-Jul-21,127.16,127.28,126.15,126.47,125.44,"24,060,000"
6-Jul-21,125.65,126.43,124.58,126.19,125.16,"26,404,000"
2-Jul-21,123.15,125.4,123.06,125.26,124.23,"25,982,000"
1-Jul-21,121.72,122.59,121.53,122.44,121.44,"18,110,000"
30-Jun-21,121.99,122.26,121.35,122.09,121.09,"24,474,000"
29-Jun-21,122.67,123.02,121.69,122.27,121.27,"23,108,000"
28-Jun-21,122.68,122.79,121.41,122.54,121.53,"28,526,000"
25-Jun-21,122,122.63,121.57,122.51,121.5,"34,594,000"
24-Jun-21,122.7,123.06,122.3,122.5,121.5,"21,362,000"
23-Jun-21,122.09,123.1,121.83,122.13,121.13,"19,148,000"
22-Jun-21,121.75,122.4,121.06,122.33,121.33,"22,390,000"
21-Jun-21,120.5,122,119.9,121.81,120.81,"27,414,000"
18-Jun-21,121.37,121.6,120.01,120.11,119.13,"46,116,000"
17-Jun-21,120.7,122.52,120.5,121.74,120.75,"25,842,000"
16-Jun-21,121.57,121.89,119.47,120.77,119.78,"26,472,000"
15-Jun-21,122.45,122.78,121.06,121.42,120.42,"21,562,000"
14-Jun-21,121.61,122.45,120.9,122.45,121.44,"22,098,000"
11-Jun-21,122,122.09,120.95,121.51,120.51,"21,958,000"
10-Jun-21,120.35,121.8,120.19,121.76,120.76,"25,904,000"
9-Jun-21,120.57,120.64,119.85,120.4,119.41,"17,942,000"
8-Jun-21,120.6,120.98,119.74,119.92,118.94,"24,240,000"
7-Jun-21,119.47,120.23,119.05,120.11,119.13,"24,120,000"
4-Jun-21,118.46,119.95,118.12,119.68,118.7,"24,458,000"
3-Jun-21,117.29,117.85,116.48,117.38,116.42,"18,696,000"
2-Jun-21,119.46,119.68,117.62,118.53,117.56,"21,158,000"
1-Jun-21,118.72,119.29,117.71,119.06,118.08,"23,354,000"
28-May-21,118.72,118.8,117.64,117.84,116.88,"21,482,000"
27-May-21,119.45,119.45,117.81,118.13,117.17,"35,224,000"
26-May-21,118.33,119.45,118.32,119.02,118.04,"21,572,000"
25-May-21,118.6,119.2,117.75,118.14,117.18,"22,440,000"
24-May-21,115.74,118.28,115.6,118.05,117.08,"31,832,000"
21-May-21,115.87,115.94,114.46,114.71,113.77,"40,632,000"
20-May-21,114.55,115.6,114.18,115.35,114.4,"32,352,000"
19-May-21,111.42,113.75,111.27,113.57,112.64,"23,684,000"
18-May-21,115.12,115.38,113.11,113.12,112.2,"22,204,000"
17-May-21,113.18,114.49,112.78,114.45,113.51,"21,598,000"
14-May-21,112.93,114.24,112.5,113.92,112.99,"31,996,000"
13-May-21,111.31,111.97,110.34,111.45,110.54,"33,204,000"
12-May-21,111.31,112.4,109.68,110.01,109.11,"46,376,000"
11-May-21,112.15,114.01,111.7,113.5,112.57,"34,186,000"
10-May-21,116.41,116.55,114.23,114.59,113.65,"30,914,000"
7-May-21,118.19,118.56,117.31,117.6,116.63,"28,898,000"
6-May-21,115.32,116.87,114.65,116.87,115.91,"25,190,000"
5-May-21,116.43,116.75,115.41,115.74,114.79,"26,636,000"
4-May-21,115.68,116.25,112.83,115.34,114.4,"44,818,000"
3-May-21,118.25,119.08,116.78,117.15,116.19,"28,242,000"
30-Apr-21,118.4,119.09,117.33,117.68,116.71,"44,856,000"
29-Apr-21,119.46,120.21,118.69,119.64,118.66,"41,234,000"
28-Apr-21,119.63,121.57,117.66,117.95,116.99,"81,106,000"
27-Apr-21,115.88,115.92,114.31,114.55,113.61,"44,386,000"
26-Apr-21,115.23,116.23,114.87,115.5,114.55,"32,038,000"
23-Apr-21,113.35,115.31,113.06,115,114.05,"29,066,000"
22-Apr-21,113.77,114.44,112.02,112.63,111.7,"24,146,000"
21-Apr-21,113.6,114,112.24,113.92,112.98,"23,204,000"
20-Apr-21,114.87,114.95,112.86,113.95,113.02,"22,288,000"
19-Apr-21,113.51,115.2,113.51,114.49,113.55,"30,290,000"
16-Apr-21,114.46,114.71,113.55,114.14,113.2,"26,282,000"
15-Apr-21,113.1,114.8,112.56,114.26,113.33,"29,174,000"
14-Apr-21,113.37,113.37,111.8,112.1,111.18,"21,002,000"
13-Apr-21,112.55,113.17,112.15,112.72,111.8,"25,682,000"
12-Apr-21,112.71,112.84,111.39,112.23,111.31,"25,024,000"
9-Apr-21,112.27,113.7,111.86,113.53,112.6,"26,146,000"
8-Apr-21,113.2,113.59,112.15,112.52,111.6,"28,664,000"
7-Apr-21,110.65,112.22,110.65,111.95,111.03,"24,134,000"
6-Apr-21,110.55,111.4,110.09,110.46,109.56,"35,240,000"
5-Apr-21,107.36,111.45,107.26,110.95,110.04,"48,510,000"
1-Apr-21,104.61,106.79,104.57,106.49,105.62,"39,880,000"
31-Mar-21,102.72,104.31,102.35,103.13,102.28,"42,570,000"
30-Mar-21,102.65,103.13,101.81,102.32,101.48,"27,312,000"
29-Mar-21,101.11,102.46,100.27,102.29,101.45,"26,492,000"
26-Mar-21,101.59,101.97,100.19,101.24,100.41,"27,978,000"
25-Mar-21,101.45,102.28,99.8,101.62,100.79,"35,616,000"
24-Mar-21,102.59,103.38,101.45,101.63,100.79,"25,218,000"
23-Mar-21,102,103.21,101.4,102.07,101.23,"28,510,000"
22-Mar-21,101.38,102.42,100.7,101.53,100.7,"33,536,000"
19-Mar-21,101.49,101.85,100.15,101.35,100.52,"46,072,000"
18-Mar-21,102.41,103.44,100.96,101.07,100.24,"31,700,000"
17-Mar-21,103.42,104.95,102.21,104.11,103.26,"26,382,000"
16-Mar-21,103.3,105.68,102.96,104.19,103.34,"31,900,000"
15-Mar-21,102.25,102.75,101.39,102.72,101.88,"26,168,000"
12-Mar-21,103.82,103.88,101.62,102.5,101.66,"33,818,000"
11-Mar-21,102.91,105.56,102.82,105.03,104.17,"27,702,000"
10-Mar-21,103.07,103.07,100.97,101.81,100.97,"27,100,000"
9-Mar-21,102.49,103.2,101.78,102.02,101.18,"33,920,000"
8-Mar-21,104.2,105.69,100.26,100.38,99.55,"36,868,000"
5-Mar-21,103.06,105.31,101.39,104.85,103.99,"53,100,000"
4-Mar-21,100.74,103.73,100.27,101.7,100.86,"49,216,000"
3-Mar-21,102.6,103.8,99.7,100.57,99.75,"33,892,000"
2-Mar-21,103.24,104.74,102.83,103.22,102.38,"25,564,000"
1-Mar-21,102.4,103.81,101.72,103.48,102.63,"26,060,000"
26-Feb-21,101.5,102.83,100.05,101.1,100.27,"40,042,000"
25-Feb-21,102.8,104.15,100.32,100.8,99.97,"41,548,000"
24-Feb-21,101.5,104.42,101.38,104.19,103.34,"22,608,000"
23-Feb-21,100.7,103.63,99.51,103.01,102.16,"34,658,000"
22-Feb-21,102.68,104.02,102.4,102.71,101.87,"29,466,000"
19-Feb-21,105.39,105.93,104.17,104.44,103.58,"37,938,000"
18-Feb-21,105.25,106.1,104.67,105.29,104.43,"22,546,000"
17-Feb-21,104.7,106.12,104.42,105.93,105.06,"20,294,000"
16-Feb-21,104.59,107.26,104.59,105.54,104.67,"31,004,000"
12-Feb-21,103.99,104.97,103.68,104.75,103.89,"18,990,000"
11-Feb-21,104.55,104.7,103.44,104.44,103.58,"20,480,000"
10-Feb-21,104.16,104.94,102.61,104.32,103.47,"25,102,000"
9-Feb-21,103.74,104.93,103.5,103.77,102.92,"21,892,000"
8-Feb-21,105,105.75,103.17,104.23,103.37,"28,828,000"
5-Feb-21,102.98,104.8,102.5,104.44,103.59,"29,866,000"
4-Feb-21,103.03,103.46,101.75,102.68,101.84,"48,596,000"
3-Feb-21,103.28,105.33,100.68,102.94,102.1,"97,882,000"
2-Feb-21,95.66,97.47,95.32,95.96,95.17,"66,332,000"
1-Feb-21,92.23,95.78,92.23,94.65,93.88,"40,252,000"
29-Jan-21,91.7,92.38,90.08,91.37,90.62,"44,530,000"
28-Jan-21,91.55,94.4,91.55,92.66,91.9,"55,278,000"
27-Jan-21,93.75,94.02,89.86,90.95,90.2,"82,512,000"
26-Jan-21,94.3,95.79,93.81,95.4,94.62,"31,462,000"
25-Jan-21,95.64,96.09,92.96,94.71,93.94,"50,586,000"
22-Jan-21,94.57,95.22,93.82,94.63,93.85,"32,744,000"
21-Jan-21,94.68,96.6,93.97,94.21,93.44,"58,634,000"
20-Jan-21,91.32,94.99,90.98,94,93.23,"64,152,000"
19-Jan-21,87.15,90.19,86.64,89.22,88.49,"41,660,000"
15-Jan-21,86.45,87.38,85.59,86.38,85.67,"31,444,000"
14-Jan-21,87.44,88.38,86.3,86.55,85.84,"29,212,000"
13-Jan-21,86.37,87.82,86.37,87.36,86.65,"23,432,000"
12-Jan-21,87.27,88.39,85.82,86.87,86.16,"29,528,000"
11-Jan-21,88.85,89.22,87.61,87.81,87.09,"34,796,000"
8-Jan-21,88.86,89.97,88.06,89.89,89.15,"35,484,000"
7-Jan-21,86.34,88.89,86.34,88.72,87.99,"41,936,000"
6-Jan-21,85.01,87.2,84.81,86.14,85.44,"46,588,000"
5-Jan-21,86.25,87.34,85.85,87,86.29,"20,360,000"
4-Jan-21,88,88.12,85.36,86.31,85.6,"37,324,000"
31-Dec-20,86.86,87.88,86.8,87.63,86.91,"21,070,000"
30-Dec-20,88.25,88.39,86.4,86.81,86.1,"21,026,000"
29-Dec-20,89.36,89.42,87.76,87.89,87.17,"19,726,000"
28-Dec-20,87.25,89.35,87.09,88.7,87.97,"27,650,000"
24-Dec-20,86.45,87.12,86.22,86.71,86,"9,312,000"
23-Dec-20,86.2,87.21,86.06,86.41,85.7,"22,974,000"
22-Dec-20,86.47,86.63,85.29,86.01,85.31,"20,370,000"
21-Dec-20,85.46,86.85,84.7,86.73,86.02,"33,974,000"
18-Dec-20,87.31,87.42,85.75,86.31,85.6,"85,256,000"
17-Dec-20,88.2,88.34,86.56,87.03,86.31,"34,880,000"
16-Dec-20,88.46,88.46,87.45,87.86,87.14,"24,676,000"
15-Dec-20,87.99,88.2,87.08,88.05,87.33,"21,352,000"
14-Dec-20,88.54,89.49,87.46,87.61,86.89,"33,050,000"
11-Dec-20,88,88.87,87.64,88.74,88.01,"18,628,000"
10-Dec-20,88.13,88.75,86.68,88.38,87.66,"28,688,000"
9-Dec-20,90.52,91.42,88.1,88.89,88.16,"31,728,000"
8-Dec-20,90.43,90.8,89.56,90.57,89.82,"19,936,000"
7-Dec-20,90.78,91.46,90.15,90.85,90.11,"22,288,000"
4-Dec-20,91.01,91.47,90.68,91.19,90.44,"20,544,000"
3-Dec-20,91.03,92.19,90.85,91.09,90.35,"24,728,000"
2-Dec-20,89.77,91.64,89.26,91.25,90.5,"29,424,000"
1-Dec-20,88.33,91.09,88.15,89.77,89.03,"37,350,000"
30-Nov-20,88.78,89.02,87.39,87.72,87,"32,418,000"
27-Nov-20,88.23,89.85,88.23,89.35,88.62,"14,790,000"
25-Nov-20,88.39,88.52,87.42,88.21,87.48,"19,600,000"
24-Nov-20,86.38,88.32,86.04,88.19,87.47,"27,984,000"
23-Nov-20,87.01,87.3,85.51,86.38,85.67,"22,530,000"
20-Nov-20,88.1,88.42,86.75,86.82,86.11,"27,694,000"
19-Nov-20,86.66,88.17,86.5,87.93,87.21,"20,106,000"
18-Nov-20,87.83,88.25,86.93,87.03,86.32,"20,108,000"
17-Nov-20,88.39,88.86,87.97,88.08,87.36,"21,314,000"
16-Nov-20,88.21,89.72,88.07,88.7,87.97,"25,468,000"
13-Nov-20,87.4,88.86,86.8,88.61,87.89,"29,744,000"
12-Nov-20,87.1,88.25,86.9,87.14,86.43,"26,474,000"
11-Nov-20,87.42,88.14,87.15,87.36,86.65,"31,838,000"
10-Nov-20,86.49,87.97,85.81,86.89,86.17,"43,022,000"
9-Nov-20,89.8,90.84,87.88,88.07,87.35,"53,440,000"
6-Nov-20,87.57,88.43,86.83,87.99,87.27,"28,622,000"
5-Nov-20,88.52,89.59,87.05,88.13,87.4,"39,758,000"
4-Nov-20,85.28,88.5,85.15,87.29,86.58,"71,342,000"
3-Nov-20,81.54,82.95,80.61,82.28,81.61,"31,432,000"
2-Nov-20,81.18,82.91,80.71,81.22,80.55,"44,228,000"
30-Oct-20,83.37,84.07,80.08,80.81,80.14,"99,878,000"
29-Oct-20,75.85,79.44,75.83,77.84,77.21,"55,406,000"
28-Oct-20,77.5,77.69,75.42,75.54,74.92,"45,174,000"
27-Oct-20,79.45,80.1,78.85,79.94,79.29,"25,902,000"
26-Oct-20,80.75,81.48,78.39,79.21,78.57,"35,826,000"
23-Oct-20,80.75,81.71,80.6,81.65,80.98,"30,548,000"
22-Oct-20,79.25,80.67,78.87,80.33,79.67,"30,512,000"
21-Oct-20,78.49,80.76,78.36,79.3,78.65,"60,322,000"
20-Oct-20,76.16,78.69,76.03,77.55,76.92,"41,670,000"
19-Oct-20,78.8,79.2,76.15,76.5,75.87,"29,734,000"
16-Oct-20,78.09,78.89,77.88,78.39,77.74,"34,194,000"
15-Oct-20,77.22,78.57,77.06,77.77,77.14,"31,210,000"
14-Oct-20,78.73,79.19,77.29,78.17,77.53,"33,174,000"
13-Oct-20,78.85,79.26,77.93,78.35,77.71,"39,072,000"
12-Oct-20,76.9,79.42,76.46,78.23,77.59,"55,344,000"
9-Oct-20,74.64,75.59,74.35,75.52,74.9,"32,966,000"
8-Oct-20,73.27,74.4,73.27,74.17,73.56,"26,076,000"
7-Oct-20,72.97,73.45,71.66,72.96,72.36,"36,108,000"
6-Oct-20,73.78,74.23,72.25,72.55,71.96,"26,096,000"
5-Oct-20,73.13,74.24,73,74.14,73.53,"21,602,000"
2-Oct-20,72.98,73.95,72.37,72.78,72.18,"31,222,000"
1-Oct-20,74.18,74.75,73.84,74.39,73.79,"32,884,000"
30-Sep-20,73.05,74.31,72.79,73.28,72.68,"40,924,000"
29-Sep-20,73.2,73.6,72.7,73.3,72.7,"31,816,000"
28-Sep-20,73.6,73.65,72.31,72.93,72.34,"30,784,000"
25-Sep-20,71.25,72.3,70.38,71.95,71.36,"30,326,000"
24-Sep-20,70.13,71.9,70.11,71.14,70.56,"34,552,000"
23-Sep-20,72.6,72.65,70.13,70.47,69.89,"37,726,000"
22-Sep-20,72.52,73.2,71.47,72.99,72.39,"33,950,000"
21-Sep-20,71.58,72,70.13,71.51,70.92,"56,908,000"
18-Sep-20,74.42,74.76,71.58,72.55,71.96,"63,056,000"
17-Sep-20,74.29,74.93,73.12,74.35,73.74,"40,008,000"
16-Sep-20,77.12,77.72,75.58,75.6,74.98,"22,128,000"
15-Sep-20,76.39,77.55,76.11,76.76,76.13,"23,042,000"
14-Sep-20,76.58,77.85,75.26,75.44,74.82,"42,660,000"
11-Sep-20,76.41,76.93,74.65,75.79,75.17,"30,706,000"
10-Sep-20,77.51,78.68,76,76.3,75.68,"33,024,000"
9-Sep-20,77.44,77.94,76.26,77.36,76.73,"39,242,000"
8-Sep-20,76.25,77.78,75.82,76.18,75.56,"54,032,000"
4-Sep-20,80.45,81.75,76.9,79.06,78.41,"55,850,000"
3-Sep-20,84.98,85,80.39,81.48,80.81,"63,726,000"
2-Sep-20,83.4,86.31,83.01,85.87,85.17,"49,522,000"
1-Sep-20,81.61,82.96,81.48,82.75,82.08,"22,652,000"
31-Aug-20,82.18,82.22,81.27,81.48,80.81,"26,422,000"
28-Aug-20,81.47,82.07,81.28,81.97,81.3,"22,418,000"
27-Aug-20,82.33,82.4,80.94,81.43,80.76,"31,350,000"
26-Aug-20,80.32,82.64,80.05,82.21,81.53,"52,188,000"
25-Aug-20,79,80.44,78.89,80.29,79.63,"25,150,000"
24-Aug-20,79.62,80.44,78.75,79.26,78.61,"25,638,000"
21-Aug-20,78.59,79.59,78.12,78.78,78.13,"34,838,000"
20-Aug-20,77,79.01,76.72,78.81,78.17,"26,382,000"
19-Aug-20,77.62,78.44,77,77.23,76.6,"30,472,000"
18-Aug-20,76.31,77.87,76.08,77.79,77.15,"28,378,000"
17-Aug-20,75.8,76.19,75.25,75.81,75.19,"19,990,000"
14-Aug-20,75.68,75.99,74.95,75.23,74.61,"21,942,000"
13-Aug-20,75.41,76.85,75.41,75.83,75.21,"22,388,000"
12-Aug-20,74.36,75.58,74.25,75.36,74.74,"22,512,000"
11-Aug-20,74.7,75.52,73.91,74.03,73.42,"31,098,000"
10-Aug-20,74.54,75.36,73.87,74.84,74.23,"20,546,000"
7-Aug-20,75.45,76,74.31,74.92,74.3,"27,718,000"
6-Aug-20,73.81,75.31,73.6,75.25,74.63,"33,306,000"
5-Aug-20,73.84,74.5,73.56,73.95,73.35,"29,134,000"
4-Aug-20,74.34,74.66,73.2,73.67,73.06,"37,212,000"
3-Aug-20,74.55,74.89,73.59,74.14,73.53,"45,482,000"
31-Jul-20,74.85,75.25,72.7,74.4,73.79,"91,468,000"
30-Jul-20,74.9,77.04,74.76,76.92,76.29,"36,042,000"
29-Jul-20,75.25,76.67,75.15,76.18,75.55,"22,676,000"
28-Jul-20,76.25,76.3,75.03,75.18,74.57,"30,910,000"
27-Jul-20,75.66,76.88,75.62,76.47,75.84,"27,124,000"
24-Jul-20,74.96,75.77,74.38,75.41,74.79,"29,902,000"
23-Jul-20,78.3,78.52,75.43,75.84,75.22,"33,910,000"
22-Jul-20,77.79,78.35,77.16,78.24,77.6,"24,482,000"
21-Jul-20,79.25,79.35,77.63,77.8,77.16,"27,486,000"
20-Jul-20,75.75,78.45,75.14,78.19,77.55,"30,166,000"
17-Jul-20,75.85,76.17,74.9,75.84,75.22,"34,264,000"
16-Jul-20,75.07,75.8,74.41,75.75,75.13,"26,484,000"
15-Jul-20,76.16,76.82,74.89,75.84,75.22,"31,026,000"
14-Jul-20,74.64,76.14,74.3,76.04,75.42,"38,108,000"
13-Jul-20,77.5,78.82,75.33,75.61,74.99,"42,954,000"
10-Jul-20,75.66,77.07,75.04,76.95,76.32,"35,918,000"
9-Jul-20,75.5,76.46,74.78,75.93,75.31,"41,836,000"
8-Jul-20,75.04,75.56,74.61,75.18,74.56,"31,766,000"
7-Jul-20,74.81,76.07,74.49,74.5,73.89,"42,364,000"
6-Jul-20,74.41,75.5,73.85,74.98,74.37,"44,712,000"
2-Jul-20,72.59,74.43,72.55,73.5,72.89,"57,218,000"
1-Jul-20,70.96,72.42,70.71,72.1,71.51,"42,182,000"
30-Jun-20,69.84,71.2,69.35,70.9,70.32,"40,286,000"
29-Jun-20,68.02,69.9,67.58,69.86,69.29,"45,074,000"
26-Jun-20,71.63,71.85,67.75,68.13,67.57,"97,640,000"
25-Jun-20,71.56,72.12,70.98,72.06,71.46,"23,958,000"
24-Jun-20,73.16,73.79,71.5,71.64,71.05,"31,592,000"
23-Jun-20,72.6,73.76,72.25,73.2,72.6,"37,752,000"
22-Jun-20,71.25,72.55,70.96,72.53,71.94,"29,442,000"
19-Jun-20,72,72.22,70.95,71.23,70.65,"52,784,000"
18-Jun-20,72.49,72.65,71.31,71.71,71.12,"34,862,000"
17-Jun-20,72.65,73.11,71.76,72.63,72.03,"30,610,000"
16-Jun-20,72.45,72.86,71.45,72.32,71.73,"30,648,000"
15-Jun-20,69.47,71.25,69.36,71.04,70.45,"30,468,000"
12-Jun-20,71.29,71.73,69.29,70.65,70.07,"36,676,000"
11-Jun-20,72.05,72.58,69.92,70.1,69.52,"47,144,000"
10-Jun-20,73.08,73.64,72.72,73.24,72.63,"31,762,000"
9-Jun-20,72.26,73.39,72.12,72.6,72.01,"33,624,000"
8-Jun-20,71.31,72.45,71.22,72.4,71.81,"33,878,000"
5-Jun-20,70.78,72.32,70.38,72,71.41,"42,642,000"
4-Jun-20,71.84,72.07,70.3,70.71,70.14,"26,982,000"
3-Jun-20,72.14,72.45,71.58,71.96,71.37,"27,732,000"
2-Jun-20,71.75,72.15,71.08,72.12,71.52,"23,442,000"
1-Jun-20,71.29,72.08,71.11,71.74,71.16,"25,162,000"
29-May-20,71.02,71.84,70.8,71.68,71.09,"37,044,000"
28-May-20,70,72.22,69.95,70.91,70.33,"35,170,000"
27-May-20,71,71.27,69.73,71.01,70.43,"31,684,000"
26-May-20,72.1,72.26,70.97,71.07,70.49,"44,590,000"
22-May-20,70.19,70.85,69.8,70.66,70.08,"28,544,000"
21-May-20,70.55,70.82,69.72,70.34,69.76,"30,894,000"
20-May-20,69.46,70.6,69.37,70.46,69.88,"38,262,000"
19-May-20,69.27,69.62,68.69,68.72,68.16,"31,586,000"
18-May-20,68.08,69.64,67.71,69.26,68.69,"47,094,000"
15-May-20,67.41,68.73,66.95,68.65,68.09,"41,544,000"
14-May-20,66.68,67.87,66.17,67.84,67.29,"36,660,000"
13-May-20,68.81,69.27,66.4,67.42,66.86,"40,368,000"
12-May-20,70.41,70.72,68.73,68.76,68.2,"33,918,000"
11-May-20,68.84,70.78,68.78,70.18,69.6,"32,718,000"
8-May-20,69.09,69.83,68.6,69.22,68.65,"33,326,000"
7-May-20,68.07,68.8,67.63,68.46,67.9,"30,652,000"
6-May-20,67.9,68.43,67.26,67.27,66.72,"31,732,000"
5-May-20,66.88,68.55,66.75,67.45,66.9,"39,666,000"
4-May-20,65.41,66.22,64.8,66.14,65.6,"30,806,000"
1-May-20,66.2,67.57,65.48,65.87,65.33,"48,872,000"
30-Apr-20,66.57,67.5,66.07,67.33,66.78,"55,842,000"
29-Apr-20,67.25,68.01,66.34,67.11,66.56,"108,358,000"
28-Apr-20,64.16,64.24,61.52,61.63,61.12,"80,700,000"
27-Apr-20,64.6,64.71,63.25,63.54,63.02,"44,186,000"
24-Apr-20,62.75,63.89,62.2,63.83,63.31,"37,402,000"
23-Apr-20,63.29,64.41,63.03,63.56,63.04,"34,202,000"
22-Apr-20,62.06,63.99,61.86,62.92,62.4,"46,296,000"
21-Apr-20,62.14,62.5,60.25,60.61,60.11,"49,648,000"
20-Apr-20,63.49,63.84,62.82,63.06,62.54,"35,292,000"
17-Apr-20,64.08,64.5,63.3,63.95,63.43,"51,050,000"
16-Apr-20,63.36,63.67,61.91,62.87,62.36,"57,896,000"
15-Apr-20,62.33,63.76,61.7,62.87,62.35,"42,236,000"
14-Apr-20,62,63.79,61.43,63.26,62.74,"63,358,000"
13-Apr-20,60.08,60.73,59.12,60.52,60.02,"38,702,000"
9-Apr-20,60.91,61.1,59.62,60.33,59.83,"54,028,000"
8-Apr-20,60.15,60.74,59.2,60.35,59.86,"40,334,000"
7-Apr-20,60.85,61.04,58.86,59.13,58.64,"61,620,000"
6-Apr-20,56.65,59.54,56.25,59.16,58.67,"63,320,000"
3-Apr-20,55.74,55.94,53.75,54.63,54.19,"51,374,000"
2-Apr-20,55,56.14,54.66,55.85,55.39,"56,410,000"
1-Apr-20,56.2,56.47,54.67,55.1,54.65,"51,970,000"
31-Mar-20,57.44,58.67,56.84,58.1,57.62,"65,228,000"
30-Mar-20,56.63,57.55,54.92,57.32,56.85,"58,736,000"
27-Mar-20,56.37,57.55,55.2,55.51,55.06,"62,794,000"
26-Mar-20,55.74,58.57,54.6,58.15,57.67,"76,562,000"
25-Mar-20,56.23,57.31,54.15,55.08,54.63,"90,324,000"
24-Mar-20,55.2,56.67,54.32,56.5,56.04,"72,468,000"
23-Mar-20,52.82,53.35,50.44,52.71,52.27,"83,672,000"
20-Mar-20,56.54,56.92,53.1,53.41,52.97,"82,878,000"
19-Mar-20,54.41,57.63,52.78,55.58,55.13,"74,064,000"
18-Mar-20,53,55.25,51.85,54.56,54.11,"93,044,000"
17-Mar-20,54.53,56.3,52.46,55.9,55.44,"83,194,000"
16-Mar-20,54.48,57.27,53.35,53.65,53.21,"96,520,000"
13-Mar-20,58.75,60.72,55.61,60.71,60.22,"79,400,000"
12-Mar-20,56.13,59.44,55.42,55.58,55.12,"94,326,000"
11-Mar-20,62.41,62.85,59.56,60.54,60.05,"54,732,000"
10-Mar-20,62.72,63.79,60.73,63.76,63.24,"54,872,000"
9-Mar-20,60.25,62.64,59.9,60.79,60.29,"69,252,000"
6-Mar-20,63.5,65.14,62.86,64.79,64.26,"64,640,000"
5-Mar-20,67.28,67.68,65.08,65.74,65.2,"54,380,000"
4-Mar-20,67.95,69.14,66.85,69.08,68.51,"47,598,000"
3-Mar-20,69.88,70.41,66.46,66.89,66.34,"56,602,000"
2-Mar-20,67.57,69.37,66.26,69.32,68.75,"55,430,000"
28-Feb-20,63.72,67.12,63.41,66.96,66.41,"80,198,000"
27-Feb-20,67.96,68.47,65.71,65.75,65.21,"62,290,000"
26-Feb-20,69.75,70.68,68.83,69.52,68.95,"49,776,000"
25-Feb-20,71.55,71.84,69.02,69.32,68.75,"51,580,000"
24-Feb-20,71.15,71.82,70.34,70.99,70.41,"49,560,000"
21-Feb-20,75.23,75.55,73.92,74.17,73.56,"42,520,000"
20-Feb-20,75.95,76.35,75.21,75.85,75.23,"25,962,000"
19-Feb-20,76.36,76.54,76.05,76.24,75.62,"22,746,000"
18-Feb-20,75.72,76.53,75.55,75.97,75.35,"25,642,000"
14-Feb-20,75.73,76,75.28,75.94,75.31,"23,198,000"
13-Feb-20,75.5,76.3,75.2,75.67,75.05,"22,914,000"
12-Feb-20,75.79,76.01,75.43,75.93,75.31,"31,042,000"
11-Feb-20,75.66,76.49,75.27,75.5,74.88,"34,852,000"
10-Feb-20,73.86,75.44,73.76,75.43,74.81,"38,302,000"
7-Feb-20,73.37,74.26,73.27,73.96,73.35,"28,360,000"
6-Feb-20,72.6,74.08,72.52,73.8,73.19,"37,822,000"
5-Feb-20,73.18,73.23,71.48,72.3,71.71,"36,376,000"
4-Feb-20,72.72,73.37,71.1,72.27,71.68,"95,880,000"
3-Feb-20,73.08,74.32,72.83,74.13,73.52,"71,636,000"
31-Jan-20,73.39,73.48,71.35,71.64,71.05,"43,822,000"
30-Jan-20,71.9,72.76,71.75,72.71,72.12,"27,110,000"
29-Jan-20,72.92,73.21,72.27,72.83,72.24,"21,566,000"
28-Jan-20,72.09,72.74,71.52,72.53,71.93,"29,724,000"
27-Jan-20,71.58,71.83,70.97,71.59,71,"34,132,000"
24-Jan-20,74.64,74.71,73.16,73.31,72.71,"29,786,000"
23-Jan-20,74.38,74.68,74.02,74.23,73.63,"26,650,000"
22-Jan-20,74.49,75.03,74.13,74.19,73.59,"28,458,000"
21-Jan-20,73.95,74.49,73.51,74.11,73.5,"48,930,000"
17-Jan-20,73.13,74.03,72.83,73.98,73.37,"52,424,000"
16-Jan-20,72.27,72.54,72,72.51,71.91,"26,080,000"
15-Jan-20,71.65,72.04,71.58,71.96,71.37,"21,550,000"
14-Jan-20,72,72.13,71.39,71.53,70.94,"26,076,000"
13-Jan-20,71.76,72.07,71.27,72,71.41,"30,730,000"
10-Jan-20,71.47,71.75,70.98,71.45,70.86,"26,258,000"
9-Jan-20,71.1,71.43,70.51,70.99,70.41,"33,200,000"
8-Jan-20,69.74,70.59,69.63,70.25,69.68,"35,314,000"
7-Jan-20,70.02,70.18,69.58,69.76,69.18,"34,330,000"
6-Jan-20,67.58,69.92,67.55,69.89,69.32,"46,768,000"
3-Jan-20,67.4,68.69,67.37,68.08,67.52,"23,408,000"
2-Jan-20,67.42,68.43,67.32,68.43,67.87,"27,278,000"
